030000000400000000
020000000300000000
030000000400060000
010000010400000000
010000012c00000000
01000001ff00000000
010000015200000000
030000000400060004
030000001000000010
030000001400001000
030000001800040000
030000001c00000000
030000002000000000
030000002400000000
030000002800000000
030000002c80000000
030000003000000000
06000000000000000c
010082000000000000
030000000400060005
030000001000000010
030000001400001000
030000001800040000
030000001c00000000
030000002000000000
030000002400000000
030000002800000000
030000002c80000082
030000003000000000
06000000000000000b
010082000400000000
010001000000000000
030000000400060007
030000001000000000
030000001400001000
030000001800040000
030000001c00000000
030000002000000000
030000002400000000
030000002800000000
030000002c80000001
030000003000000000
060000000000000009
010100010000000000
010100011f00000000
010100012800000000
03000000040006000a
030000001000000000
030000001400001000
030000001800040000
030000001c00000000
030000002000000000
030000002400000000
030000002800000000
030000002c80000001
030000003080000001
060000000000000006
0102ff900500000000
010100000000000000
03000000040006000c
030000001000000000
030000001400001000
030000001800040000
030000001c00000000
030000002000000000
030000002400000000
030000002800000000
030000002c80000001
030000003080000000
060000000000000004
017f00000100000000
01000001e300000000
03000000040006000e
030000001000000000
030000001400001000
030000001800040000
030000001c00000000
030000002000000000
030000002400000000
030000002800000000
030000002c80000009
030000003080000000
060000000000000002
030000000000000104
03000000000000012c
0300000000000001ff
030000000000000152
030000000000820000
030000000000820004
030000000000010000
030000000001000100
03000000000100011f
030000000001000128
030000000002ff9005
030000000001000000
03000000007f000001
0300000000000001e3
030000000000000000
030000000400060000
060000000000000010
040000000300000000
010200000100000000
0102fff00200000000
0102ffe00300000000
0102ffd00400000000
0102ffc00500000000
0102ffb00600000000
0102ffa00700000000
0102ff900800000000
0102ff800900000000
0102ff700a00000000
0102ff600b00000000
0102ff500c00000000
0102ff400d00000000
0102ff300e00000000
0102ff200f00000000
0102ff101000000000
060000000000000000
010206406400000000
030000000400070010
010000010500000000
010100010200000000
030000000400070010
030000001000000020
030000001400001000
030000001800040000
030000001c00000000
030000002000000000
030000002400000000
030000002800000000
030000002c80000009
030000003080000004
060000000000000000
030000000002000001
030000000002fff002
030000000002ffe003
03000000040007000d
010200700700000000
060000000000000002
040000000200000000
03000000040006000e
030000000002ffd004
030000000002ffc005
030000000002ffb006
030000000002ffa007
030000000002ff9008
030000000002ff8009
030000000002ff700a
030000000002ff600b
030000000002ff500c
030000000002ff400d
030000000002ff300e
030000000002ff200f
030000000002ff1010
030000000002007007
030000000000000000
030000000400060000
060000000000000010
010000000500000000
010100000200000000
030000000000000005
030000000001000002
030000000000000000
030000000400060000
060000000000000010
010200000000000000
010200100100000000
010200200200000000
080000010400000000
030000000400060000
030000001000000010
030000001400001000
030000001800040000
030000001c00000000
030000002000000000
030000002400000000
030000002800000000
030000002c80000009
030000003080000000
060000000000000010
010200000000000000
010200100100000000
010200200200000000
010200300300000000
010200400400000000
010200500500000000
010200600600000000
010200700700000000
010200800800000000
010200900900000000
010200a00a00000000
010200b00b00000000
010200c00c00000000
010200d00d00000000
010200e00e00000000
010200f00f00000000
080000000400000000
030000000400060000
030000001000000000
030000001400001000
030000001800040000
030000001c00000000
030000002000000000
030000002400000000
030000002800000000
030000002c80000009
030000003080000000
060000000000000010
040000000300000000
010200000100000000
010200000200000000
010200000300000000
010200000400000000
010200000500000000
010200000600000000
010200000700000000
010200000800000000
010200000900000000
010200000a00000000
010200000b00000000
010200000c00000000
010200000d00000000
010200000e00000000
010200000f00000000
010200001000000000
070200006302000001
030000000400060010
030000001000000000
030000001400001000
030000001800040000
030000001c00000000
030000002000000000
030000002400000000
030000002800000000
030000002c80000009
030000003080000000
060000000000000000
070200006202000002
030000000400060010
030000001000000000
030000001400001000
030000001800040000
030000001c00000000
030000002000000000
030000002400000000
030000002800000000
030000002c80000009
030000003080000000
060000000000000000
030000000002000003
030000000002000004
030000000002000005
030000000002000006
030000000002000007
030000000002000008
030000000002000009
03000000000200000a
03000000000200000b
03000000000200000c
03000000000200000d
03000000000200000e
03000000000200000f
030000000002000010
030000000002000063
030000000002000062
030000000000000000
030000000400060000
060000000000000010
070200100100000000
030000000400060001
030000001000000000
030000001400001000
030000001800040000
030000001c00000000
030000002000000000
030000002400000000
030000002800000000
030000002c80000009
030000003080000000
06000000000000000f
030000000002001001
030000000000000000
030000000400060000
060000000000000010
010200000000000000
010200000100000000
010200000200000000
010200000300000000
010200000400000000
010200000500000000
010200000600000000
010200000700000000
010200000800000000
010200000900000000
010200000a00000000
010200000b00000000
010200000c00000000
010200000d00000000
010200000e00000000
010200000f00000000
010200001000000000
030000000400070010
090200003700000000
030000000400070010
040000000100000000
090200003800000000
030000000400060001
030000000002000038
030000000000000000
030000000400060000
060000000000000010
010200000000000000
010200000100000000
010200000200000000
010200000300000000
010200000400000000
010200000500000000
010200000600000000
010200000700000000
010200000800000000
010200000900000000
010200000a00000000
010200000b00000000
010200000c00000000
010200000d00000000
010200000e00000000
010200000f00000000
010200001000000000
040000000300000000
030000000400060000
040000000000000000
030000000400060000
020000000300000000
010002010400000000
010002000000000000
010100010100000000
030000000400060003
030000001000000010
030000001400001000
030000001800040000
030000001c00000000
030000002000000000
030000002400000000
030000002800000000
030000002c80000002
030000003080000002
06000000000000000d
020000000200000000
030000000400040003
030000001000000000
030000001400000000
030000001800000000
030000001c00000000
030000002000000000
030000002400000000
030000002800000000
030000002c00000000
030000003080000002
06000000000000000d
020000000100000000
030000000400020003
030000001000000000
030000001400000000
030000001800000000
030000001c00000000
030000002000000000
030000002400000000
030000002800000000
030000002c00000000
030000003000000000
06000000000000000d
020000000000000000
030000000400000003
030000001000000000
030000001400000000
030000001800000000
030000001c00000000
030000002000000000
030000002400000000
030000002800000000
030000002c00000000
030000003000000000
06000000000000000d
020000000300000000
030000000400060003
030000001000000000
030000001400000000
030000001800000000
030000001c00000000
030000002000000000
030000002400000000
030000002800000000
030000002c00000000
030000003000000000
06000000000000000d
030000000000020104
030000000000020000
030000000001000101
030000000000000000
030000000400060000
060000000000000010
010200000000000000
010200000100000000
010200000200000000
010200000300000000
010000010400000000
030000000400060005
050000000400000000
030000000400060005
050000000800000000
030000000400060005
058000000000000000
030000000400060005
05ffffffff00000000
030000000400060005
050000000700000000
030000000400060005
050001000000000000
030000000400060005
0a0000000100000000
030000000400060005
030000000400060005
030000001000000010
030000001400000000
030000001800000000
030000001c00000000
030000002000000000
030000002400000000
030000002800000000
030000002c00000000
030000003000000000
06000000000000000b
030000000002000000
030000000002000001
030000000002000002
030000000002000003
030000000000000104
030000000000000000
030000000400060000
060000000000000010
0102ed987d00000000
06000000000000000f
05fffffffc00000000
06000000000000000f
030000000002ed987d
060000000000000010
010291c02e00000000
06000000000000000f
01000000e100000000
06000000000000000e
0102218e4e00000000
06000000000000000d
030000001000000010
06000000000000000d
017b353d6800000000
06000000000000000c
040000000000000000
06000000000000000c
03000000000291c02e
06000000000000000d
010100000100000000
06000000000000000c
0300000000000000e1
06000000000000000d
01000000e100000000
06000000000000000c
01007101f000000000
06000000000000000b
030000000002218e4e
06000000000000000c
030000002400000000
06000000000000000c
01000001e700000000
06000000000000000b
030000002400000000
06000000000000000b
0100c0002000000000
06000000000000000a
03000000007b353d68
06000000000000000b
01000001e300000000
06000000000000000a
030000000001000001
06000000000000000b
0702003ffd000000e1
06000000000000000b
01005f000000000000
06000000000000000a
040000000100000000
060000000000000010
030000000400060000
030000001000000010
030000001400000000
030000001800000000
030000001c00000000
030000002000000000
030000002400000000
030000002800000000
030000002c0001005f
030000003000000000
060000000000000010
0100bf000000000000
06000000000000000f
01023d167600000000
06000000000000000e
01000001e700000000
06000000000000000d
030000000000bf0000
06000000000000000e
010100001f00000000
06000000000000000d
010255a06f00000000
06000000000000000c
01005a005200000000
06000000000000000b
0300000000023d1676
06000000000000000c
01001000ff00000000
06000000000000000b
010290bd3b00000000
06000000000000000a
0100a3000000000000
060000000000000009
01000000e200000000
060000000000000008
01006f000500000000
060000000000000007
080000012c00000000
060000000000000010
030000000000000000
060000000000000010
0102f5dd5000000000
06000000000000000f
030000000002f5dd50
060000000000000010
030000000000000000
060000000000000010
030000000000000000
060000000000000010
030000000000000000
060000000000000010
030000000000000000
060000000000000010
030000000000000000
060000000000000010
030000001800000000
060000000000000010
030000000000000000
060000000000000010
01008d000000000000
06000000000000000f
030000000400060001
030000001000000010
030000001400001000
030000001800000000
030000001c00000000
030000002000000000
030000002400000000
030000002800000000
030000002c0001008d
030000003000000000
06000000000000000f
0300000000008d0000
060000000000000010
030000000000000000
060000000000000010
010100000000000000
06000000000000000f
090100000200000000
06000000000000000e
0702003ffe01000000
06000000000000000e
030000000001000002
06000000000000000f
030000000002003ffe
060000000000000010
030000000000000000
060000000000000010
030000000000000000
060000000000000010
030000000000000000
060000000000000010
020000000200000000
060000000000000010
0100c9000500000000
06000000000000000f
030000000000c90005
060000000000000010
010028000000000000
06000000000000000f
030000000000280000
060000000000000010
040000000200000000
060000000000000010
030000000000000000
060000000000000010
030000000000000000
060000000000000010
030000000000000000
060000000000000010
010100010000000000
06000000000000000f
030000000001000100
060000000000000010
030000000000000000
060000000000000010
01029d97fd00000000
06000000000000000f
030000000400040001
06000000000000000f
030000001400000000
06000000000000000f
030000000400040001
030000001000000000
030000001400000000
030000001800000000
030000001c00000000
030000002000000000
030000002400000000
030000002800000000
030000002c00000028
030000003000000001
06000000000000000f
0702003002029d97fd
06000000000000000f
070200300102003002
06000000000000000f
030000000002003001
060000000000000010
040000000100000000
060000000000000010
030000000000000000
060000000000000010
01009d000400000000
06000000000000000f
0300000000009d0004
060000000000000010
0102d9ee7d00000000
06000000000000000f
01000000e100000000
06000000000000000e
010243df1200000000
06000000000000000d
0102e3ac3b00000000
06000000000000000c
01000001e300000000
06000000000000000b
030000002400000000
06000000000000000b
010100010100000000
06000000000000000a
090100010100000000
060000000000000009
01000000e300000000
060000000000000008
01000001e700000000
060000000000000007
030000001400000000
060000000000000007
01000000e000000000
060000000000000006
030000000002d9ee7d
060000000000000007
01000000e400000000
060000000000000006
0300000000000000e1
060000000000000007
040000000000000000
060000000000000007
07020030010243df12
060000000000000007
0702003fff02e3ac3b
060000000000000007
030000000400040009
030000001000000000
030000001400000000
030000001800000000
030000001c00000000
030000002000000000
030000002400000000
030000002800000000
030000002c000000a0
030000003000000003
060000000000000007
090100010000000000
060000000000000006
01000001e300000000
060000000000000005
0300000000000001e3
060000000000000006
0100a9012000000000
060000000000000005
0100f8010400000000
060000000000000004
01008b000500000000
060000000000000003
08000001f000000000
060000000000000010
030000000000000000
060000000000000010
0102905d0500000000
06000000000000000f
01000001e600000000
06000000000000000e
0102bafcbe00000000
06000000000000000d
010100010000000000
06000000000000000c
030000000002905d05
06000000000000000d
014ab0bb7100000000
06000000000000000c
030000002000000000
06000000000000000c
08000000f000000000
060000000000000010
01e1342de500000000
06000000000000000f
01d9a1d17800000000
06000000000000000e
0300000000e1342de5
06000000000000000f
0100ae012c00000000
06000000000000000e
0300000000d9a1d178
06000000000000000f
030000000000ae012c
060000000000000010
030000000000000000
060000000000000010
030000000000000000
060000000000000010
030000000000000000
060000000000000010
030000000400040000
030000001000000010
030000001400001001
030000001800000000
030000001c00000000
030000002000000000
030000002400000000
030000002800000000
030000002c000000e8
030000003000000003
060000000000000010
030000000000000000
060000000000000010
030000000000000000
060000000000000010
030000000000000000
060000000000000010
030000000000000000
060000000000000010
020000000100000000
060000000000000010
01000001e000000000
06000000000000000f
0300000000000001e0
060000000000000010
030000000000000000
060000000000000010
030000000000000000
060000000000000010
030000000000000000
060000000000000010
030000000000000000
060000000000000010
080000000500000000
060000000000000010
030000000000000000
060000000000000010
030000002c000000e9
060000000000000010
030000000400020000
060000000000000010
01027aa5c000000000
06000000000000000f
0300000000027aa5c0
060000000000000010
030000000000000000
060000000000000010
050000010000000000
060000000000000010
040000000100000000
060000000000000010
030000000000000000
060000000000000010
020000000200000000
060000000000000010
030000000000000000
060000000000000010
030000000000000000
060000000000000010
030000000000000000
060000000000000010
030000000400040000
030000001000000000
030000001400000000
030000001800000000
030000001c00000000
030000002000000000
030000002400000000
030000002800000000
030000002c00000000
030000003000000000
060000000000000010
030000000000000000
060000000000000010
030000000000000000
060000000000000010
030000000000000000
060000000000000010
030000000000000000
060000000000000010
070200300100000000
06000000000000000f
030000000002003001
060000000000000010
030000000000000000
060000000000000010
030000000000000000
060000000000000010
030000000000000000
060000000000000010
01000000e600000000
06000000000000000f
01020e912a00000000
06000000000000000e
01022eb8cf00000000
06000000000000000d
010100000000000000
06000000000000000c
090100000300000000
06000000000000000b
080000000400000000
060000000000000010
0100f1000500000000
06000000000000000f
030000000000f10005
060000000000000010
0102771abe00000000
06000000000000000f
0160889c7b00000000
06000000000000000e
030000000002771abe
06000000000000000f
010100010100000000
06000000000000000e
013edbfa3400000000
06000000000000000d
01006a000000000000
06000000000000000c
030000000060889c7b
06000000000000000d
030000000001000101
06000000000000000e
030000000400040002
030000001000000000
030000001400000000
030000001800000000
030000001c00000000
030000002000000000
030000002400000000
030000002800000000
030000002c0000006a
030000003000000002
06000000000000000e
03000000003edbfa34
06000000000000000f
010100000700000000
06000000000000000e
0300000000006a0000
06000000000000000f
030000000001000007
060000000000000010
0109914df300000000
06000000000000000f
030000002400000000
06000000000000000f
030000000009914df3
060000000000000010
050000010000000000
060000000000000010
0102988fc400000000
06000000000000000f
030000002c0000006a
06000000000000000f
0102510b4400000000
06000000000000000e
010246c22e00000000
06000000000000000d
01f17f4d9800000000
06000000000000000c
010076000000000000
06000000000000000b
010100000100000000
06000000000000000a
090100000100000000
060000000000000009
01000001e200000000
060000000000000008
090100010100000000
060000000000000007
0115c075ab00000000
060000000000000006
01000000e600000000
060000000000000005
090100000100000000
060000000000000004
030000000002988fc4
060000000000000005
0102283e4d00000000
060000000000000004
01000001e100000000
060000000000000003
01007d000000000000
060000000000000002
03000000040004000e
030000001000000000
030000001400000000
030000001800000000
030000001c00000000
030000002000000000
030000002400000000
030000002800000000
030000002c0000007d
030000003000000000
060000000000000002
010100011f00000000
060000000000000001
030000000002510b44
060000000000000002
010014001f00000000
060000000000000001
01003a000000000000
060000000000000000
013f9ff4ed00000000
060000000000000000
03000000000246c22e
060000000000000001
010216a80b00000000
060000000000000000
01408d1d9c00000000
060000000000000000
0300000000f17f4d98
060000000000000001
080000011f00000000
060000000000000010
020000000300000000
060000000000000010
030000000000000000
060000000000000010
030000001800000000
060000000000000010
030000000000000000
060000000000000010
030000000000000000
060000000000000010
01027d930600000000
06000000000000000f
0300000000027d9306
060000000000000010
030000000000000000
060000000000000010
030000000000000000
060000000000000010
010259a44b00000000
06000000000000000f
03000000000259a44b
060000000000000010
030000000000000000
060000000000000010
010020000000000000
06000000000000000f
030000000000200000
060000000000000010
030000000000000000
060000000000000010
030000000400070000
030000001080000000
030000001400000000
030000001800000000
030000001c00000000
030000002000000000
030000002400000000
030000002800000000
030000002c00000020
030000003080000000
060000000000000010
030000000000000000
060000000000000010
030000000000000000
060000000000000010
030000002800000000
060000000000000010
018b39f79000000000
06000000000000000f
0100d7000000000000
06000000000000000e
03000000008b39f790
06000000000000000f
030000000000d70000
060000000000000010
030000000000000000
060000000000000010
030000000000000000
060000000000000010
0100a601f000000000
06000000000000000f
01028d11b400000000
06000000000000000e
030000000000a601f0
06000000000000000f
0300000000028d11b4
060000000000000010
040000000200000000
060000000000000010
030000000000000000
060000000000000010
030000002c000100d7
060000000000000010
030000000000000000
060000000000000010
010100010000000000
06000000000000000f
0102a3d33300000000
06000000000000000e
080000011f00000000
060000000000000010
0702003ffc00000000
06000000000000000f
030000000002003ffc
060000000000000010
01000c000000000000
06000000000000000f
010100000000000000
06000000000000000e
0300000000000c0000
06000000000000000f
030000000400060001
030000001080000000
030000001400000000
030000001800000000
030000001c00000000
030000002000000000
030000002400000000
030000002800000000
030000002c0001000c
030000003080000000
06000000000000000f
030000000001000000
060000000000000010
0100b6000000000000
06000000000000000f
030000000000b60000
060000000000000010
01022892e100000000
06000000000000000f
0300000000022892e1
060000000000000010
0153cee29c00000000
06000000000000000f
030000000053cee29c
060000000000000010
0102ed067900000000
06000000000000000f
01000000e500000000
06000000000000000e
01000001e600000000
06000000000000000d
0702003ffc02ed0679
06000000000000000d
0300000000000000e5
06000000000000000e
01d17ebafa00000000
06000000000000000d
01b0f75c8100000000
06000000000000000c
0702003fff000001e6
06000000000000000c
030000000002003ffc
06000000000000000d
0300000000d17ebafa
06000000000000000e
010262638a00000000
06000000000000000d
030000001c00000000
06000000000000000d
018ddca49e00000000
06000000000000000c
018b434a8d00000000
06000000000000000b
040000000100000000
060000000000000010
030000000000000000
060000000000000010
030000002800000000
060000000000000010
0102c1679200000000
06000000000000000f
030000000400060001
030000001080000000
030000001400000000
030000001800000000
030000001c00000000
030000002000000000
030000002400000000
030000002800000000
030000002c000100d6
030000003080000000
06000000000000000f
0100d3000000000000
06000000000000000e
01020b08cc00000000
06000000000000000d
030000000002c16792
06000000000000000e
030000000000d30000
06000000000000000f
010100002000000000
06000000000000000e
0300000000020b08cc
06000000000000000f
030000002400000000
06000000000000000f
0100e300f000000000
06000000000000000e
030000000001000020
06000000000000000f
030000000000e300f0
060000000000000010
020000000300000000
060000000000000010
030000000000000000
060000000000000010
030000000000000000
060000000000000010
030000001800000000
060000000000000010
030000000000000000
060000000000000010
030000000000000000
060000000000000010
030000001080000000
060000000000000010
030000000000000000
060000000000000010
020000000200000000
060000000000000010
030000000000000000
060000000000000010
030000000000000000
060000000000000010
030000000000000000
060000000000000010
030000000000000000
060000000000000010
030000000000000000
060000000000000010
01008f002000000000
06000000000000000f
030000000400040001
030000001000000000
030000001400000000
030000001800000000
030000001c00000000
030000002000000000
030000002400000000
030000002800000000
030000002c00000000
030000003080000000
06000000000000000f
0300000000008f0020
060000000000000010
030000002000000000
060000000000000010
030000000000000000
060000000000000010
030000000000000000
060000000000000010
030000000000000000
060000000000000010
030000000000000000
060000000000000010
030000000000000000
060000000000000010
01023116e500000000
06000000000000000f
0300000000023116e5
060000000000000010
030000000000000000
060000000000000010
030000000000000000
060000000000000010
030000000000000000
060000000000000010
030000000000000000
060000000000000010
01521cfe5d00000000
06000000000000000f
01000001e600000000
06000000000000000e
01000001e600000000
06000000000000000d
0102caf35a00000000
06000000000000000c
0300000000521cfe5d
06000000000000000d
050000010000000000
06000000000000000d
0102e176bb00000000
06000000000000000c
01000000e500000000
06000000000000000b
010225928200000000
06000000000000000a
0300000000000001e6
06000000000000000b
0102c2f3ff00000000
06000000000000000a
0300000000000001e6
06000000000000000b
030000000400040005
030000001000000000
030000001400000000
030000001800000000
030000001c00000000
030000002000000000
030000002400000000
030000002800000000
030000002c00000040
030000003080000000
06000000000000000b
030000000002caf35a
06000000000000000c
010100001f00000000
06000000000000000b
014463a02500000000
06000000000000000a
030000000002e176bb
06000000000000000b
030000001000000000
06000000000000000b
010067000500000000
06000000000000000a
0102ab1cc100000000
060000000000000009
01683d6ba900000000
060000000000000008
0102a30ca800000000
060000000000000007
030000002800000000
060000000000000007
0102b2594000000000
060000000000000006
01000000e700000000
060000000000000005
0300000000000000e5
060000000000000006
090100010100000000
060000000000000005
0102459b9700000000
060000000000000004
010100002000000000
060000000000000003
0197abda6e00000000
060000000000000002
010290ec8700000000
060000000000000001
03000000040004000f
060000000000000001
030000000002259282
060000000000000002
010100001f00000000
060000000000000001
0100b4000000000000
060000000000000000
018f96d9ed00000000
060000000000000000
030000001800000000
060000000000000000
010035000000000000
060000000000000000
030000000400050010
030000001000000000
030000001400000000
030000001800000000
030000001c00000000
030000002000000000
030000002400000000
030000002800000000
030000002c00000035
030000003000000002
060000000000000000
030000000002c2f3ff
060000000000000001
0102afaa8000000000
060000000000000000
010069000000000000
060000000000000000
01000000e100000000
060000000000000000
03000000000100001f
060000000000000001
03000000004463a025
060000000000000002
010016010400000000
060000000000000001
080000000500000000
060000000000000010
0102c6f7a200000000
06000000000000000f
010100010200000000
06000000000000000e
030000000002c6f7a2
06000000000000000f
030000000001000102
060000000000000010
030000000000000000
060000000000000010
030000000000000000
060000000000000010
030000000000000000
060000000000000010
030000001c00000000
060000000000000010
080000000500000000
060000000000000010
030000001400000000
060000000000000010
0102528ca500000000
06000000000000000f
030000000002528ca5
060000000000000010
01029e94d000000000
06000000000000000f
01000001e700000000
06000000000000000e
0105f6ca5100000000
06000000000000000d
0300000000029e94d0
06000000000000000e
0300000000000001e7
06000000000000000f
030000000400050001
030000001000000010
030000001400000000
030000001800000000
030000001c00000000
030000002000000000
030000002400000000
030000002800000000
030000002c000000e9
030000003000000006
06000000000000000f
030000000005f6ca51
060000000000000010
012b1e672f00000000
06000000000000000f
030000002800000000
06000000000000000f
03000000002b1e672f
060000000000000010
030000000000000000
060000000000000010
0102f9c3d400000000
06000000000000000f
030000000002f9c3d4
060000000000000010
030000002400000000
060000000000000010
058000000100000000
060000000000000010
030000000000000000
060000000000000010
010258c7bf00000000
06000000000000000f
03000000000258c7bf
060000000000000010
040000000100000000
060000000000000010
030000000000000000
060000000000000010
030000000000000000
060000000000000010
01000001e600000000
06000000000000000f
010023000000000000
06000000000000000e
0300000000000001e6
06000000000000000f
080000012c00000000
060000000000000010
010032012c00000000
06000000000000000f
03000000000032012c
060000000000000010
030000000000000000
060000000000000010
0100a8002c00000000
06000000000000000f
030000000000a8002c
060000000000000010
030000000000000000
060000000000000010
030000000400050000
030000001000000010
030000001400000000
030000001800000000
030000001c00000000
030000002000000000
030000002400000000
030000002800000000
030000002c00000023
030000003000000006
060000000000000010
01000001e000000000
06000000000000000f
010206c25900000000
06000000000000000e
0300000000000001e0
06000000000000000f
0100be00f000000000
06000000000000000e
03000000000206c259
06000000000000000f
01000000e600000000
06000000000000000e
01000000e300000000
06000000000000000d
030000000000be00f0
06000000000000000e
0100f5001f00000000
06000000000000000d
0102abea1500000000
06000000000000000c
0300000000000000e6
06000000000000000d
0300000000000000e3
06000000000000000e
030000000000f5001f
06000000000000000f
0702003ffe02abea15
06000000000000000f
030000000002003ffe
060000000000000010
01026ae71a00000000
06000000000000000f
010033010500000000
06000000000000000e
0300000000026ae71a
06000000000000000f
0100f5000000000000
06000000000000000e
0102ea07ba00000000
06000000000000000d
030000000000330105
06000000000000000e
030000000000f50000
06000000000000000f
01000000e300000000
06000000000000000e
020000000200000000
06000000000000000e
030000000002ea07ba
06000000000000000f
030000000400050001
030000001000000000
030000001400000000
030000001800000000
030000001c00000000
030000002000000000
030000002400000000
030000002800000000
030000002c00000000
030000003000000006
06000000000000000f
090100010300000000
06000000000000000e
01002200f000000000
06000000000000000d
030000002c00000000
06000000000000000d
01023e592400000000
06000000000000000c
0300000000000000e3
06000000000000000d
01029452d200000000
06000000000000000c
030000001400000000
06000000000000000c
01000000e600000000
06000000000000000b
01002f000000000000
06000000000000000a
01010001c800000000
060000000000000009
01027ecc7200000000
060000000000000008
010037000500000000
060000000000000007
030000000001000103
060000000000000008
010100001f00000000
060000000000000007
010232270900000000
060000000000000006
0300000000002200f0
060000000000000007
0102a4071300000000
060000000000000006
01025e345500000000
060000000000000005
0300000000023e5924
060000000000000006
030000002000000000
060000000000000006
0300000000029452d2
060000000000000007
0300000000000000e6
060000000000000008
090100010000000000
060000000000000007
030000002c0000002f
060000000000000007
0300000000002f0000
060000000000000008
030000000400040008
030000001000000000
030000001400000000
030000001800000000
030000001c00000000
030000002000000000
030000002400000000
030000002800000000
030000002c0000002f
03000000300000000f
060000000000000008
01006e010500000000
060000000000000007
010100011f00000000
060000000000000006
01009e000000000000
060000000000000005
010095000000000000
060000000000000004
0300000000010001c8
060000000000000005
0300000000027ecc72
060000000000000006
030000000000370005
060000000000000007
03000000000100001f
060000000000000008
030000000002322709
060000000000000009
030000001800000000
060000000000000009
030000000002a40713
06000000000000000a
0300000000025e3455
06000000000000000b
030000000001000100
06000000000000000c
0300000000006e0105
06000000000000000d
010100010200000000
06000000000000000c
03000000000100011f
06000000000000000d
030000002000000000
06000000000000000d
0300000000009e0000
06000000000000000e
030000000000950000
06000000000000000f
030000000001000102
060000000000000010
0102a27f6300000000
06000000000000000f
030000000002a27f63
060000000000000010
030000000000000000
060000000000000010
03000000308000000f
060000000000000010
030000000000000000
060000000000000010
030000000400040000
030000001000000020
030000001400000000
030000001800000000
030000001c00000000
030000002000000000
030000002400000000
030000002800000000
030000002c00000095
03000000308000000f
060000000000000010
030000000000000000
060000000000000010
030000000000000000
060000000000000010
030000000000000000
060000000000000010
030000000000000000
060000000000000010
030000000000000000
060000000000000010
01000001e100000000
06000000000000000f
01028830b200000000
06000000000000000e
030000002c00000097
06000000000000000e
0187135a5500000000
06000000000000000d
0300000000000001e1
06000000000000000e
0300000000028830b2
06000000000000000f
010095000000000000
06000000000000000e
01953226a100000000
06000000000000000d
030000000087135a55
06000000000000000e
030000000000950000
06000000000000000f
01000001e000000000
06000000000000000e
0300000000953226a1
06000000000000000f
0300000000000001e0
060000000000000010
030000000000000000
060000000000000010
010200e74300000000
06000000000000000f
010280150d00000000
06000000000000000e
010100000100000000
06000000000000000d
010100011f00000000
06000000000000000c
01000001e600000000
06000000000000000b
03000000000200e743
06000000000000000c
030000000400040004
030000001000000020
030000001400000000
030000001800000000
030000001c00000000
030000002000000000
030000002400000000
030000002800000000
030000002c000000d5
03000000308000000d
06000000000000000c
050000010000000000
06000000000000000c
0100c3000000000000
06000000000000000b
010100002000000000
06000000000000000a
03000000000280150d
06000000000000000b
0102578ce200000000
06000000000000000a
010256379f00000000
060000000000000009
08000000ff00000000
060000000000000010
0102c826ef00000000
06000000000000000f
010100011f00000000
06000000000000000e
0100ac000000000000
06000000000000000d
010263f01200000000
06000000000000000c
030000000002c826ef
06000000000000000d
01000a01e800000000
06000000000000000c
03000000000100011f
06000000000000000d
010021000000000000
06000000000000000c
08000001ff00000000
060000000000000010
030000000000000000
060000000000000010
01006f00ff00000000
06000000000000000f
090100010200000000
06000000000000000e
0100cc000500000000
06000000000000000d
0300000000006f00ff
06000000000000000e
030000000001000102
06000000000000000f
030000000000cc0005
060000000000000010
010100010100000000
06000000000000000f
040000000200000000
06000000000000000f
030000000400040001
030000001000000000
030000001400000000
030000001800000000
030000001c00000000
030000002000000000
030000002400000000
030000002800000000
030000002c00000121
03000000308000000f
06000000000000000f
040000000100000000
060000000000000010
030000000000000000
060000000000000010
090100000000000000
06000000000000000f
030000000001000000
060000000000000010
030000002800000000
060000000000000010
030000000000000000
060000000000000010
0702003ffc00000000
06000000000000000f
030000000002003ffc
060000000000000010
030000000000000000
060000000000000010
010100000100000000
06000000000000000f
030000000001000001
060000000000000010
030000000000000000
060000000000000010
030000000000000000
060000000000000010
030000000000000000
060000000000000010
030000000000000000
060000000000000010
030000000000000000
060000000000000010
030000000000000000
060000000000000010
01000000e700000000
06000000000000000f
090100010200000000
06000000000000000e
01022c17be00000000
06000000000000000d
01028716c900000000
06000000000000000c
0300000000000000e7
06000000000000000d
030000000001000102
06000000000000000e
0300000000022c17be
06000000000000000f
0300000000028716c9
060000000000000010
030000000400040000
030000001000000000
030000001400000000
030000001800000000
030000001c00000000
030000002000000000
030000002400000000
030000002800000000
030000002c00000121
03000000308000000c
060000000000000010
030000000000000000
060000000000000010
030000000000000000
060000000000000010
01001d000500000000
06000000000000000f
0300000000001d0005
060000000000000010
030000000000000000
060000000000000010
030000000000000000
060000000000000010
030000000000000000
060000000000000010
01000000e100000000
06000000000000000f
020000000100000000
06000000000000000f
0300000000000000e1
060000000000000010
030000000000000000
060000000000000010
01000001e600000000
06000000000000000f
0300000000000001e6
060000000000000010
010100011f00000000
06000000000000000f
010a73787600000000
06000000000000000e
0702003ffe0100011f
06000000000000000e
03000000000a737876
06000000000000000f
0100c8000000000000
06000000000000000e
010100012000000000
06000000000000000d
0100eb000000000000
06000000000000000c
0100aa001f00000000
06000000000000000b
0100d4001f00000000
06000000000000000a
01000000e700000000
060000000000000009
030000000002003ffe
06000000000000000a
040000000300000000
060000000000000010
030000000400020000
030000001000000000
030000001400000000
030000001800000000
030000001c00000000
030000002000000000
030000002400000000
030000002800000000
030000002c0000016b
030000003080000000
060000000000000010
040000000200000000
060000000000000010
013472a04100000000
06000000000000000f
03000000003472a041
060000000000000010
030000000000000000
060000000000000010
01021d923b00000000
06000000000000000f
040000000300000000
060000000000000010
08000000ff00000000
060000000000000010
030000003080000000
060000000000000010
090100000100000000
06000000000000000f
030000000001000001
060000000000000010
010019010400000000
06000000000000000f
030000000000190104
060000000000000010
010100002000000000
06000000000000000f
0102793a5200000000
06000000000000000e
01000000e400000000
06000000000000000d
040000000100000000
060000000000000010
030000000000000000
060000000000000010
0100d2011f00000000
06000000000000000f
01010000c800000000
06000000000000000e
030000000000d2011f
06000000000000000f
0300000000010000c8
060000000000000010
0102ecfc3300000000
06000000000000000f
010100000700000000
06000000000000000e
030000000002ecfc33
06000000000000000f
010054012c00000000
06000000000000000e
030000000400020002
030000001080000010
030000001400001000
030000001800000000
030000001c00000000
030000002000000000
030000002400000000
030000002800000000
030000002c0000016b
030000003080000000
06000000000000000e
010240723b00000000
06000000000000000d
030000000001000007
06000000000000000e
03000000000054012c
06000000000000000f
090100010100000000
06000000000000000e
03000000000240723b
06000000000000000f
030000000001000101
060000000000000010
030000000000000000
060000000000000010
010003000000000000
06000000000000000f
05fffffffc00000000
06000000000000000f
070200300300030000
06000000000000000f
0100f6000000000000
06000000000000000e
030000001080000010
06000000000000000e
010237d48e00000000
06000000000000000d
05fffffffc00000000
06000000000000000d
030000000002003003
06000000000000000e
090100010300000000
06000000000000000d
0100ee00ff00000000
06000000000000000c
030000000000f60000
06000000000000000d
03000000000237d48e
06000000000000000e
070200300301000103
06000000000000000e
030000000000ee00ff
06000000000000000f
030000000002003003
060000000000000010
030000000000000000
060000000000000010
030000000000000000
060000000000000010
030000000000000000
060000000000000010
030000000400020000
030000001080000010
030000001400001000
030000001800000000
030000001c00000000
030000002000000000
030000002400000000
030000002800000000
030000002c000001f6
03000000308000000a
060000000000000010
040000000100000000
060000000000000010
030000000000000000
060000000000000010
010255efc600000000
06000000000000000f
030000001c00000000
06000000000000000f
03000000000255efc6
060000000000000010
030000000000000000
060000000000000010
030000001800000000
060000000000000010
030000000000000000
060000000000000010
030000000000000000
060000000000000010
030000000000000000
060000000000000010
030000000000000000
060000000000000010
010015000000000000
06000000000000000f
030000000000150000
060000000000000010
030000000000000000
060000000000000010
030000000000000000
060000000000000010
01020d394c00000000
06000000000000000f
0300000000020d394c
060000000000000010
030000002c00000115
060000000000000010
0100e9000000000000
06000000000000000f
010018010500000000
06000000000000000e
010289506000000000
06000000000000000d
010100000100000000
06000000000000000c
010226d16f00000000
06000000000000000b
010100010200000000
06000000000000000a
010047000000000000
060000000000000009
030000000400020007
030000001080000030
030000001400001000
030000001800000000
030000001c00000000
030000002000000000
030000002400000000
030000002800000000
030000002c00000147
03000000308000000c
060000000000000009
01003d010500000000
060000000000000008
0702003ffb00e90000
060000000000000008
030000000000180105
060000000000000009
016169196e00000000
060000000000000008
030000000002895060
060000000000000009
030000001400001000
060000000000000009
0102d3049900000000
060000000000000008
01000001e000000000
060000000000000007
030000000001000001
060000000000000008
030000001080000030
060000000000000008
010288d99800000000
060000000000000007
010b36ba0300000000
060000000000000006
0102fabbfb00000000
060000000000000005
012203a2be00000000
060000000000000004
03000000000226d16f
060000000000000005
0102caf47e00000000
060000000000000004
010100010700000000
060000000000000003
030000000001000102
060000000000000004
030000000000470000
060000000000000005
01000001e300000000
060000000000000004
0300000000003d0105
060000000000000005
01024491b300000000
060000000000000004
0102bb8ffb00000000
060000000000000003
030000001080000030
060000000000000003
090100010100000000
060000000000000002
03000000040002000e
030000001080000030
030000001400001000
030000001800000000
030000001c00000000
030000002000000000
030000002400000000
030000002800000000
030000002c0000014f
03000000308000008e
060000000000000002
030000000002003ffb
060000000000000003
01000400e800000000
060000000000000002
010004010400000000
060000000000000001
01025280ae00000000
060000000000000000
010052002000000000
060000000000000000
03000000006169196e
060000000000000001
030000000002d30499
060000000000000002
0300000000000001e0
060000000000000003
03000000000288d998
060000000000000004
03000000000b36ba03
060000000000000005
030000000002fabbfb
060000000000000006
03000000002203a2be
060000000000000007
030000000002caf47e
060000000000000008
040000000100000000
060000000000000010
030000000000000000
060000000000000010
030000000000000000
060000000000000010
0702003ffb00000000
06000000000000000f
030000000002003ffb
060000000000000010
030000000000000000
060000000000000010
030000000000000000
060000000000000010
030000000000000000
060000000000000010
070200300400000000
06000000000000000f
030000000002003004
060000000000000010
030000000000000000
060000000000000010
030000000000000000
060000000000000010
030000000400030000
030000001080000030
030000001400001000
030000001800000000
030000001c00000000
030000002000000000
030000002400000000
030000002800000000
030000002c0000004f
03000000308000008e
060000000000000010
030000000000000000
060000000000000010
030000000000000000
060000000000000010
0102939ca600000000
06000000000000000f
030000000002939ca6
060000000000000010
040000000000000000
060000000000000010
070200300200000000
06000000000000000f
03000000308000008e
06000000000000000f
090100000300000000
06000000000000000e
040000000300000000
060000000000000010
030000000000000000
060000000000000010
030000000000000000
060000000000000010
01000901ff00000000
06000000000000000f
01027148e900000000
06000000000000000e
0300000000000901ff
06000000000000000f
0100e5012000000000
06000000000000000e
010263dcb900000000
06000000000000000d
0300000000027148e9
06000000000000000e
030000000000e50120
06000000000000000f
020000000200000000
06000000000000000f
03000000000263dcb9
060000000000000010
030000000000000000
060000000000000010
010299de5400000000
06000000000000000f
0100c1000000000000
06000000000000000e
080000012000000000
060000000000000010
030000000000000000
060000000000000010
030000000400040000
030000001000000000
030000001400000001
030000001800000000
030000001c00000000
030000002000000000
030000002400000000
030000002800000000
030000002c000000c1
030000003080000086
060000000000000010
070200300200000000
06000000000000000f
030000001400000001
06000000000000000f
030000000002003002
060000000000000010
01000001e400000000
06000000000000000f
0102bb0d4700000000
06000000000000000e
015c5a8a1d00000000
06000000000000000d
0300000000000001e4
06000000000000000e
030000000002bb0d47
06000000000000000f
03000000005c5a8a1d
060000000000000010
0702003fff00000000
06000000000000000f
01000b000000000000
06000000000000000e
010100011f00000000
06000000000000000d
01000001e600000000
06000000000000000c
017b76e56b00000000
06000000000000000b
0702003fff02003fff
06000000000000000b
0300000000000b0000
06000000000000000c
01023f4fb800000000
06000000000000000b
030000002c0000004b
06000000000000000b
0102fad0c200000000
06000000000000000a
08000001f000000000
060000000000000010
030000000000000000
060000000000000010
0100b9000000000000
06000000000000000f
010100010200000000
06000000000000000e
01000001e300000000
06000000000000000d
030000000000b90000
06000000000000000e
030000000400040002
030000001000000000
030000001400000001
030000001800000000
030000001c00000000
030000002000000000
030000002400000000
030000002800000000
030000002c000100b9
030000003080000086
06000000000000000e
020000000300000000
06000000000000000e
01006e000000000000
06000000000000000d
01713c260e00000000
06000000000000000c
010100011f00000000
06000000000000000b
0102d4a9dc00000000
06000000000000000a
080000000500000000
060000000000000010
01ebd3182e00000000
06000000000000000f
010067000000000000
06000000000000000e
010100000700000000
06000000000000000d
011770fc5000000000
06000000000000000c
0300000000ebd3182e
06000000000000000d
030000000000670000
06000000000000000e
030000002400000000
06000000000000000e
030000000001000007
06000000000000000f
030000002000000000
06000000000000000f
0100e9000000000000
06000000000000000e
03000000001770fc50
06000000000000000f
030000000000e90000
060000000000000010
010020000000000000
06000000000000000f
01afe505d800000000
06000000000000000e
030000000000200000
06000000000000000f
050000000400000000
06000000000000000f
0300000000afe505d8
060000000000000010
01a2351e4d00000000
06000000000000000f
018090b0b400000000
06000000000000000e
030000000400060002
030000001000000000
030000001400000001
030000001800000000
030000001c00000000
030000002000000000
030000002400000000
030000002800000000
030000002c00010020
030000003080000006
06000000000000000e
0300000000a2351e4d
06000000000000000f
058000000100000000
06000000000000000f
03000000008090b0b4
060000000000000010
030000000000000000
060000000000000010
090100000000000000
06000000000000000f
030000000001000000
060000000000000010
0102c512a700000000
06000000000000000f
030000000002c512a7
060000000000000010
010018000000000000
06000000000000000f
020000000300000000
06000000000000000f
080000015200000000
060000000000000010
020000000000000000
060000000000000010
030000000000000000
060000000000000010
010032000500000000
06000000000000000f
030000000000320005
060000000000000010
030000002c00000000
060000000000000010
090100000200000000
06000000000000000f
030000000001000002
060000000000000010
01000000e500000000
06000000000000000f
0102497e9800000000
06000000000000000e
030000001400000000
06000000000000000e
080000010500000000
060000000000000010
030000000000000000
060000000000000010
030000000000000000
060000000000000010
090100010000000000
06000000000000000f
030000000400000001
030000001000000020
030000001400000000
030000001800000000
030000001c00000000
030000002000000000
030000002400000000
030000002800000000
030000002c00000000
030000003000000001
06000000000000000f
030000000001000100
060000000000000010
030000000000000000
060000000000000010
01da2b68f600000000
06000000000000000f
01fcf8abbd00000000
06000000000000000e
01b75958c100000000
06000000000000000d
010293f04f00000000
06000000000000000c
0300000000da2b68f6
06000000000000000d
030000001c00000000
06000000000000000d
0300000000fcf8abbd
06000000000000000e
030000002400000000
06000000000000000e
0102e1bd0100000000
06000000000000000d
040000000000000000
06000000000000000d
030000001c00000000
06000000000000000d
01001d010500000000
06000000000000000c
01028361fd00000000
06000000000000000b
0102aad60800000000
06000000000000000a
01000000e600000000
060000000000000009
01023f5e8500000000
060000000000000008
0100c2000000000000
060000000000000007
0300000000b75958c1
060000000000000008
0102e3864800000000
060000000000000007
040000000300000000
060000000000000010
010034002000000000
06000000000000000f
01cf07d58a00000000
06000000000000000e
0102ede57f00000000
06000000000000000d
030000000400000003
030000001000000020
030000001400000000
030000001800000000
030000001c00000000
030000002000000000
030000002400000000
030000002800000000
030000002c000000c2
030000003000000001
06000000000000000d
030000000000340020
06000000000000000e
010100010200000000
06000000000000000d
0300000000cf07d58a
06000000000000000e
030000000002ede57f
06000000000000000f
0100d5000500000000
06000000000000000e
030000000001000102
06000000000000000f
030000001c00000000
06000000000000000f
030000000400000001
06000000000000000f
030000000000d50005
060000000000000010
010268d6e700000000
06000000000000000f
030000003000000005
06000000000000000f
01010001c800000000
06000000000000000e
030000001c00000000
06000000000000000e
0100e1000000000000
06000000000000000d
03000000000268d6e7
06000000000000000e
030000001000000000
06000000000000000e
0300000000010001c8
06000000000000000f
01029c75f700000000
06000000000000000e
01000001e200000000
06000000000000000d
010063011f00000000
06000000000000000c
030000000000e10000
06000000000000000d
090100010300000000
06000000000000000c
0300000000029c75f7
06000000000000000d
0300000000000001e2
06000000000000000e
03000000000063011f
06000000000000000f
030000000400000001
030000001080000000
030000001400000000
030000001800000000
030000001c00000000
030000002000000000
030000002400000000
030000002800000000
030000002c000000e5
03000000300000000d
06000000000000000f
030000000001000103
060000000000000010
030000000000000000
060000000000000010
030000000000000000
060000000000000010
030000000000000000
060000000000000010
030000000000000000
060000000000000010
030000000000000000
060000000000000010
010031000000000000
06000000000000000f
030000000000310000
060000000000000010
030000000000000000
060000000000000010
030000001c00000000
060000000000000010
030000000000000000
060000000000000010
020000000200000000
060000000000000010
0702003ffd00000000
06000000000000000f
0100e0010400000000
06000000000000000e
030000000002003ffd
06000000000000000f
030000000000e00104
060000000000000010
030000000000000000
060000000000000010
01028555e500000000
06000000000000000f
0300000000028555e5
060000000000000010
030000000000000000
060000000000000010
0102858a5d00000000
06000000000000000f
030000000002858a5d
060000000000000010
030000000000000000
060000000000000010
01000001e400000000
06000000000000000f
0300000000000001e4
060000000000000010
030000000400040000
030000001000000010
030000001400000000
030000001800000000
030000001c00000000
030000002000000000
030000002400000000
030000002800000000
030000002c00000010
03000000300000000d
060000000000000010
040000000300000000
060000000000000010
030000002400000000
060000000000000010
010100010700000000
06000000000000000f
030000000001000107
060000000000000010
01024dacac00000000
06000000000000000f
0100b0012c00000000
06000000000000000e
010073000500000000
06000000000000000d
01026551f000000000
06000000000000000c
040000000200000000
06000000000000000c
0300000000024dacac
06000000000000000d
030000002c00000010
06000000000000000d
010048000000000000
06000000000000000c
01020145bf00000000
06000000000000000b
030000000000b0012c
06000000000000000c
030000001400001000
06000000000000000c
030000000000730005
06000000000000000d
0300000000026551f0
06000000000000000e
030000001400001000
06000000000000000e
01ce7b9a5300000000
06000000000000000d
01000001e500000000
06000000000000000c
030000000000480000
06000000000000000d
010100000700000000
06000000000000000c
0100bb000000000000
06000000000000000b
040000000200000000
06000000000000000b
01026b2f1500000000
06000000000000000a
030000000400040006
030000001000000010
030000001400001000
030000001800000000
030000001c00000000
030000002000000000
030000002400000000
030000002800000000
030000002c000000bb
03000000300000000d
06000000000000000a
019b21c94e00000000
060000000000000009
010067000000000000
060000000000000008
0102c0e23c00000000
060000000000000007
01b489982700000000
060000000000000006
0300000000020145bf
060000000000000007
0102846d9400000000
060000000000000006
01023fb75f00000000
060000000000000005
0102e6cabc00000000
060000000000000004
030000001c00000000
060000000000000004
030000002800000000
060000000000000004
020000000000000000
060000000000000004
030000001800000000
060000000000000004
0300000000ce7b9a53
060000000000000005
0100f0005200000000
060000000000000004
0100a2000000000000
060000000000000003
0100cd010500000000
060000000000000002
01aea86e2400000000
060000000000000001
020000000200000000
060000000000000001
0300000000000001e5
060000000000000002
040000000300000000
060000000000000010
030000000000000000
060000000000000010
01000001e000000000
06000000000000000f
0300000000000001e0
060000000000000010
030000000000000000
060000000000000010
070200300000000000
06000000000000000f
030000000400040001
030000001000000000
030000001400000000
030000001800000000
030000001c00000000
030000002000000000
030000002400000000
030000002800000000
030000002c00000001
030000003000000000
06000000000000000f
030000000002003000
060000000000000010
030000000000000000
060000000000000010
030000000000000000
060000000000000010
030000000000000000
060000000000000010
040000000300000000
060000000000000010
010100010000000000
06000000000000000f
010100010700000000
06000000000000000e
090100010000000000
06000000000000000d
010100012000000000
06000000000000000c
030000000001000100
06000000000000000d
030000000001000107
06000000000000000e
030000000001000100
06000000000000000f
030000002000000000
06000000000000000f
030000000001000120
060000000000000010
020000000300000000
060000000000000010
030000000000000000
060000000000000010
01000001e500000000
06000000000000000f
0300000000000001e5
060000000000000010
030000000000000000
060000000000000010
030000000000000000
060000000000000010
030000000000000000
060000000000000010
030000000000000000
060000000000000010
030000001400000000
060000000000000010
030000002000000000
060000000000000010
030000000000000000
060000000000000010
030000000400060000
030000001000000000
030000001400000000
030000001800000000
030000001c00000000
030000002000000000
030000002400000000
030000002800000000
030000002c00000021
030000003000000081
060000000000000010
030000000000000000
060000000000000010
030000000000000000
060000000000000010
030000000000000000
060000000000000010
010049000400000000
06000000000000000f
030000000000490004
060000000000000010
030000000000000000
060000000000000010
010092000000000000
06000000000000000f
030000000000920000
060000000000000010
030000000000000000
060000000000000010
030000000000000000
060000000000000010
010268fd1e00000000
06000000000000000f
03000000000268fd1e
060000000000000010
030000002400000000
060000000000000010
01a087469700000000
06000000000000000f
0300000000a0874697
060000000000000010
010047011f00000000
06000000000000000f
01029fbe7900000000
06000000000000000e
03000000000047011f
06000000000000000f
0100ff000000000000
06000000000000000e
01004501f000000000
06000000000000000d
0300000000029fbe79
06000000000000000e
01e6d6f87f00000000
06000000000000000d
030000002000000000
06000000000000000d
030000000000ff0000
06000000000000000e
0300000000004501f0
06000000000000000f
030000000400060001
030000001080000000
030000001400000000
030000001800000000
030000001c00000000
030000002000000000
030000002400000000
030000002800000000
030000002c000100ff
030000003000000081
06000000000000000f
0702003002e6d6f87f
06000000000000000f
0102fdaa9800000000
06000000000000000e
014791e43800000000
06000000000000000d
010100000200000000
06000000000000000c
030000000002003002
06000000000000000d
01000001e100000000
06000000000000000c
010100002000000000
06000000000000000b
040000000000000000
06000000000000000b
01002c000000000000
06000000000000000a
010100002000000000
060000000000000009
030000000002fdaa98
06000000000000000a
03000000004791e438
06000000000000000b
020000000200000000
06000000000000000b
0102cf570000000000
06000000000000000a
090100000100000000
060000000000000009
030000001c00000000
060000000000000009
0100f8000500000000
060000000000000008
01009e011f00000000
060000000000000007
030000000001000002
060000000000000008
01026337ea00000000
060000000000000007
0102853ed000000000
060000000000000006
01000000e500000000
060000000000000005
01026cb20300000000
060000000000000004
01d96b8fea00000000
060000000000000003
0100ec00f000000000
060000000000000002
03000000040004000e
030000001080000000
030000001400000000
030000001800000000
030000001c00000000
030000002000000000
030000002400000000
030000002800000000
030000002c00000000
030000003000000081
060000000000000002
0300000000000001e1
060000000000000003
010299a52b00000000
060000000000000002
030000000001000020
060000000000000003
030000001080000000
060000000000000003
0300000000002c0000
060000000000000004
030000000001000020
060000000000000005
010271b80c00000000
060000000000000004
010ae4353e00000000
060000000000000003
030000001080000000
060000000000000003
030000000002cf5700
060000000000000004
030000000001000001
060000000000000005
01010000c800000000
060000000000000004
030000002c00000000
060000000000000004
030000000000f80005
060000000000000005
020000000100000000
060000000000000005
0300000000009e011f
060000000000000006
080000012000000000
060000000000000010
030000001400000001
060000000000000010
030000000000000000
060000000000000010
010231c2a400000000
06000000000000000f
03000000000231c2a4
060000000000000010
030000000400020000
060000000000000010
030000000000000000
060000000000000010
030000002800000000
060000000000000010
030000000000000000
060000000000000010
030000000400020000
030000001080000000
030000001400000001
030000001800000000
030000001c00000000
030000002000000000
030000002400000000
030000002800000000
030000002c00000000
030000003000000000
060000000000000010
030000000000000000
060000000000000010
01023a936400000000
06000000000000000f
040000000300000000
060000000000000010
030000000000000000
060000000000000010
030000000000000000
060000000000000010
030000000000000000
060000000000000010
030000002c00000000
060000000000000010
030000000000000000
060000000000000010
020000000300000000
060000000000000010
030000000000000000
060000000000000010
030000000000000000
060000000000000010
030000000000000000
060000000000000010
030000000000000000
060000000000000010
030000000000000000
060000000000000010
030000000000000000
060000000000000010
0100d6001f00000000
06000000000000000f
090100010300000000
06000000000000000e
030000000000d6001f
06000000000000000f
01000000e000000000
06000000000000000e
0102d4d68d00000000
06000000000000000d
010012000000000000
06000000000000000c
030000000001000103
06000000000000000d
080000002000000000
060000000000000010
020000000100000000
060000000000000010
030000002400000000
060000000000000010
030000000400020000
030000001000000000
030000001400000000
030000001800000000
030000001c00000000
030000002000000000
030000002400000000
030000002800000000
030000002c00000012
030000003000000000
060000000000000010
030000000000000000
060000000000000010
030000000000000000
060000000000000010
01023f72dc00000000
06000000000000000f
010085015200000000
06000000000000000e
090100000300000000
06000000000000000d
0102e6b89800000000
06000000000000000c
0300000000023f72dc
06000000000000000d
0197adecb900000000
06000000000000000c
01000001e200000000
06000000000000000b
030000000000850152
06000000000000000c
040000000100000000
060000000000000010
090100000100000000
06000000000000000f
010100011f00000000
06000000000000000e
030000000001000001
06000000000000000f
01001d000000000000
06000000000000000e
010100000200000000
06000000000000000d
03000000000100011f
06000000000000000e
01028827a000000000
06000000000000000d
040000000200000000
06000000000000000d
040000000300000000
060000000000000010
070200300300000000
06000000000000000f
040000000200000000
06000000000000000f
020000000200000000
06000000000000000f
030000000002003003
060000000000000010
030000000000000000
060000000000000010
030000000400040000
030000001000000000
030000001400000000
030000001800000000
030000001c00000000
030000002000000000
030000002400000000
030000002800000000
030000002c00000000
030000003080000000
060000000000000010
030000001400000000
060000000000000010
0100af000000000000
06000000000000000f
01003c000500000000
06000000000000000e
0100bf000000000000
06000000000000000d
08000000f000000000
060000000000000010
030000000000000000
060000000000000010
010100000000000000
06000000000000000f
01da2f569300000000
06000000000000000e
030000000001000000
06000000000000000f
0300000000da2f5693
060000000000000010
030000000000000000
060000000000000010
030000000000000000
060000000000000010
030000000000000000
060000000000000010
030000000000000000
060000000000000010
030000000000000000
060000000000000010
030000000000000000
060000000000000010
030000001c00000000
060000000000000010
030000000000000000
060000000000000010
030000000000000000
060000000000000010
030000000000000000
060000000000000010
030000000000000000
060000000000000010
030000000000000000
060000000000000010
030000000000000000
060000000000000010
030000000000000000
060000000000000010
030000000000000000
060000000000000010
030000000400040000
030000001000000000
030000001400000000
030000001800000000
030000001c00000000
030000002000000000
030000002400000000
030000002800000000
030000002c000000bf
030000003080000000
060000000000000010
030000000000000000
060000000000000010
01000000e200000000
06000000000000000f
0300000000000000e2
060000000000000010
0100aa010400000000
06000000000000000f
040000000100000000
060000000000000010
030000000000000000
060000000000000010
030000000000000000
060000000000000010
0100b2000000000000
06000000000000000f
030000000000b20000
060000000000000010
030000000000000000
060000000000000010
040000000200000000
060000000000000010
040000000100000000
060000000000000010
030000000000000000
060000000000000010
030000000000000000
060000000000000010
030000000000000000
060000000000000010
010100000700000000
06000000000000000f
030000000001000007
060000000000000010
030000000000000000
060000000000000010
030000000000000000
060000000000000010
030000000000000000
060000000000000010
010100001f00000000
06000000000000000f
03000000000100001f
060000000000000010
030000000000000000
060000000000000010
010100010100000000
06000000000000000f
010100000100000000
06000000000000000e
030000000400040002
030000001000000010
030000001400000000
030000001800000000
030000001c00000000
030000002000000000
030000002400000000
030000002800000000
030000002c000000b2
030000003000000000
06000000000000000e
030000000001000101
06000000000000000f
030000000001000001
060000000000000010
030000000000000000
060000000000000010
0100b3010500000000
06000000000000000f
0702003ffb00b30105
06000000000000000f
01003a000000000000
06000000000000000e
08000001e800000000
060000000000000010
010100010700000000
06000000000000000f
0173623da900000000
06000000000000000e
030000000001000107
06000000000000000f
01000b00ff00000000
06000000000000000e
080000002c00000000
060000000000000010
030000000000000000
060000000000000010
01000001e100000000
06000000000000000f
030000001800000000
06000000000000000f
01f5b007bd00000000
06000000000000000e
01021b3a5d00000000
06000000000000000d
0102502a3100000000
06000000000000000c
0300000000000001e1
06000000000000000d
01023c6abe00000000
06000000000000000c
0300000000f5b007bd
06000000000000000d
0300000000021b3a5d
06000000000000000e
01022f9dbf00000000
06000000000000000d
0102d9c01800000000
06000000000000000c
016d92564200000000
06000000000000000b
030000000400040005
030000001000000030
030000001400000000
030000001800000000
030000001c00000000
030000002000000000
030000002400000000
030000002800000000
030000002c0000013a
030000003000000080
06000000000000000b
030000000002502a31
06000000000000000c
0300000000023c6abe
06000000000000000d
0102affb5b00000000
06000000000000000c
0300000000022f9dbf
06000000000000000d
030000002c0000013a
06000000000000000d
0102ba081900000000
06000000000000000c
0102bdeef700000000
06000000000000000b
0100b0000000000000
06000000000000000a
010084010500000000
060000000000000009
01000000e500000000
060000000000000008
01029a914e00000000
060000000000000007
030000000002d9c018
060000000000000008
03000000006d925642
060000000000000009
030000000002affb5b
06000000000000000a
030000002800000000
06000000000000000a
030000000002ba0819
06000000000000000b
0702003ffe02bdeef7
06000000000000000b
030000000000b00000
06000000000000000c
030000000000840105
06000000000000000d
040000000100000000
060000000000000010
030000000000000000
060000000000000010
030000000000000000
060000000000000010
030000000000000000
060000000000000010
030000000000000000
060000000000000010
030000001000000030
060000000000000010
030000000400040000
030000001000000030
030000001400000000
030000001800000000
030000001c00000000
030000002000000000
030000002400000000
030000002800000000
030000002c00000190
030000003000000080
060000000000000010
030000000000000000
060000000000000010
030000000000000000
060000000000000010
030000000000000000
060000000000000010
030000000000000000
060000000000000010
010100000700000000
06000000000000000f
030000000001000007
060000000000000010
030000000000000000
060000000000000010
030000000000000000
060000000000000010
030000000000000000
060000000000000010
030000000000000000
060000000000000010
030000000000000000
060000000000000010
030000000000000000
060000000000000010
030000000000000000
060000000000000010
030000000000000000
060000000000000010
030000003000000000
060000000000000010
030000000000000000
060000000000000010
030000002000000000
060000000000000010
030000000000000000
060000000000000010
030000000000000000
060000000000000010
020000000000000000
060000000000000010
05fffffffc00000000
060000000000000010
030000000000000000
060000000000000010
030000000000000000
060000000000000010
030000001800000000
060000000000000010
030000000000000000
060000000000000010
030000000400000000
030000001000000000
030000001400000000
030000001800000000
030000001c00000000
030000002000000000
030000002400000000
030000002800000000
030000002c00000000
030000003000000000
060000000000000010
01025882c000000000
06000000000000000f
040000000200000000
06000000000000000f
0300000000025882c0
060000000000000010
030000000000000000
060000000000000010
030000000000000000
060000000000000010
030000000000000000
060000000000000010
040000000200000000
060000000000000010
01008d000000000000
06000000000000000f
0118dc5cfb00000000
06000000000000000e
0300000000008d0000
06000000000000000f
030000000018dc5cfb
060000000000000010
010053000000000000
06000000000000000f
010100010700000000
06000000000000000e
01000000e300000000
06000000000000000d
050000010000000000
06000000000000000d
030000000000530000
06000000000000000e
080000000500000000
060000000000000010
030000002c00000053
060000000000000010
01029ab7b900000000
06000000000000000f
01025567b200000000
06000000000000000e
0100bb000000000000
06000000000000000d
010272723e00000000
06000000000000000c
030000003000000080
06000000000000000c
010100000100000000
06000000000000000b
0100e5002000000000
06000000000000000a
030000000400000006
030000001000000000
030000001400000000
030000001800000000
030000001c00000000
030000002000000000
030000002400000000
030000002800000000
030000002c000000bb
030000003000000080
06000000000000000a
020000000300000000
06000000000000000a
01000001e100000000
060000000000000009
010003000000000000
060000000000000008
040000000300000000
060000000000000010
01007501ff00000000
06000000000000000f
01005f005200000000
06000000000000000e
01b560819f00000000
06000000000000000d
030000002000000000
06000000000000000d
01009a002c00000000
06000000000000000c
0165e9d04e00000000
06000000000000000b
0102df3e4300000000
06000000000000000a
0300000000007501ff
06000000000000000b
0100e8000000000000
06000000000000000a
080000010400000000
060000000000000010
01025f74f000000000
06000000000000000f
01000000e600000000
06000000000000000e
0300000000025f74f0
06000000000000000f
0300000000000000e6
060000000000000010
030000000000000000
060000000000000010
030000000000000000
060000000000000010
030000000000000000
060000000000000010
040000000000000000
060000000000000010
030000000000000000
060000000000000010
030000000000000000
060000000000000010
030000000000000000
060000000000000010
030000000400060000
030000001000000010
030000001400000000
030000001800000000
030000001c00000000
030000002000000000
030000002400000000
030000002800000000
030000002c800000a8
030000003000000080
060000000000000010
030000000000000000
060000000000000010
030000000000000000
060000000000000010
030000000000000000
060000000000000010
030000000000000000
060000000000000010
030000000000000000
060000000000000010
030000000000000000
060000000000000010
030000000000000000
060000000000000010
010004000000000000
06000000000000000f
015ea4a68200000000
06000000000000000e
030000000000040000
06000000000000000f
03000000005ea4a682
060000000000000010
030000000000000000
060000000000000010
030000000000000000
060000000000000010
030000000000000000
060000000000000010
030000000000000000
060000000000000010
080000010400000000
060000000000000010
030000000000000000
060000000000000010
030000000000000000
060000000000000010
01009301e800000000
06000000000000000f
05fffffffc00000000
06000000000000000f
0300000000009301e8
060000000000000010
030000000000000000
060000000000000010
030000000000000000
060000000000000010
030000000000000000
060000000000000010
030000000000000000
060000000000000010
030000000400060000
030000001000000010
030000001400000000
030000001800000000
030000001c00000000
030000002000000000
030000002400000000
030000002800000000
030000002c80000104
030000003000000080
060000000000000010
01000000e300000000
06000000000000000f
0300000000000000e3
060000000000000010
0102cdf0f500000000
06000000000000000f
030000000002cdf0f5
060000000000000010
030000000000000000
060000000000000010
030000000000000000
060000000000000010
030000000000000000
060000000000000010
01004d010500000000
06000000000000000f
0102490c3c00000000
06000000000000000e
010028000000000000
06000000000000000d
030000001c00000000
06000000000000000d
01010000c800000000
06000000000000000c
080000002c00000000
060000000000000010
030000000000000000
060000000000000010
030000000000000000
060000000000000010
010045000000000000
06000000000000000f
030000000000450000
060000000000000010
01c4ccdb9e00000000
06000000000000000f
0300000000c4ccdb9e
060000000000000010
058000000100000000
060000000000000010
080000011f00000000
060000000000000010
01000000e200000000
06000000000000000f
020000000100000000
06000000000000000f
01002f000000000000
06000000000000000e
0300000000000000e2
06000000000000000f
030000000400020001
030000001080000030
030000001400000000
030000001800000000
030000001c00000000
030000002000000000
030000002400000000
030000002800000000
030000002c8000012f
030000003000000000
06000000000000000f
080000000400000000
060000000000000010
010100000100000000
06000000000000000f
010100000000000000
06000000000000000e
010100000200000000
06000000000000000d
090100010100000000
06000000000000000c
01025c702400000000
06000000000000000b
030000000001000001
06000000000000000c
08000001ff00000000
060000000000000010
01025cebc700000000
06000000000000000f
030000003000000002
06000000000000000f
010239d9ee00000000
06000000000000000e
010215bbc100000000
06000000000000000d
01024e18a800000000
06000000000000000c
0300000000025cebc7
06000000000000000d
0114257c7c00000000
06000000000000000c
03000000000239d9ee
06000000000000000d
080000012000000000
060000000000000010
0102d48f7000000000
06000000000000000f
030000000002d48f70
060000000000000010
01025c27cf00000000
06000000000000000f
030000001c00000000
06000000000000000f
0300000000025c27cf
060000000000000010
030000000000000000
060000000000000010
040000000300000000
060000000000000010
030000000000000000
060000000000000010
030000000400020000
030000001080000020
030000001400000001
030000001800000000
030000001c00000000
030000002000000000
030000002400000000
030000002800000000
030000002c8000012f
030000003000000002
060000000000000010
030000000000000000
060000000000000010
0100f1000000000000
06000000000000000f
030000000000f10000
060000000000000010
030000000000000000
060000000000000010
030000000000000000
060000000000000010
010078000000000000
06000000000000000f
030000000000780000
060000000000000010
030000000000000000
060000000000000010
030000000000000000
060000000000000010
030000000000000000
060000000000000010
030000000000000000
060000000000000010
01000000e700000000
06000000000000000f
0300000000000000e7
060000000000000010
030000000000000000
060000000000000010
090100000300000000
06000000000000000f
030000000001000003
060000000000000010
010100001f00000000
06000000000000000f
0702003ffc0100001f
06000000000000000f
030000001c00000000
06000000000000000f
030000000002003ffc
060000000000000010
030000000000000000
060000000000000010
0158d685ef00000000
06000000000000000f
01000000e200000000
06000000000000000e
030000000058d685ef
06000000000000000f
0300000000000000e2
060000000000000010
030000000400020000
030000001080000020
030000001400000001
030000001800000000
030000001c00000000
030000002000000000
030000002400000000
030000002800000000
030000002c80000178
030000003000000002
060000000000000010
0102a4b98300000000
06000000000000000f
030000002000000000
06000000000000000f
030000000002a4b983
060000000000000010
040000000200000000
060000000000000010
040000000200000000
060000000000000010
030000000000000000
060000000000000010
090100000000000000
06000000000000000f
030000000001000000
060000000000000010
014e2b666c00000000
06000000000000000f
0702003ffc4e2b666c
06000000000000000f
010090000000000000
06000000000000000e
030000000002003ffc
06000000000000000f
030000000000900000
060000000000000010
030000000000000000
060000000000000010
030000002c80000190
060000000000000010
030000000000000000
060000000000000010
030000000000000000
060000000000000010
010218c47200000000
06000000000000000f
0102ee0a9700000000
06000000000000000e
03000000000218c472
06000000000000000f
010100011f00000000
06000000000000000e
0102c5b6d900000000
06000000000000000d
01000000e000000000
06000000000000000c
0102be022600000000
06000000000000000b
040000000300000000
060000000000000010
030000000400020000
030000001080000020
030000001400000001
030000001800000000
030000001c00000000
030000002000000000
030000002400000000
030000002800000000
030000002c80000190
030000003080000002
060000000000000010
030000000000000000
060000000000000010
030000000000000000
060000000000000010
010100010000000000
06000000000000000f
030000000001000100
060000000000000010
014d4d5e1200000000
06000000000000000f
01fd6597d800000000
06000000000000000e
0100cb00e800000000
06000000000000000d
03000000004d4d5e12
06000000000000000e
01001201f000000000
06000000000000000d
0300000000fd6597d8
06000000000000000e
030000003080000003
06000000000000000e
030000000000cb00e8
06000000000000000f
01000000e100000000
06000000000000000e
010061000400000000
06000000000000000d
010269b87f00000000
06000000000000000c
030000002000000000
06000000000000000c
0300000000001201f0
06000000000000000d
0102049b7200000000
06000000000000000c
010050000000000000
06000000000000000b
010100010200000000
06000000000000000a
0300000000000000e1
06000000000000000b
030000000000610004
06000000000000000c
0100dc000000000000
06000000000000000b
0100bc000000000000
06000000000000000a
03000000000269b87f
06000000000000000b
030000000400020005
030000001080000020
030000001400000001
030000001800000000
030000001c00000000
030000002000000000
030000002400000000
030000002800000000
030000002c800100bc
030000003080000007
06000000000000000b
01de8b069e00000000
06000000000000000a
030000002c800100bc
06000000000000000a
01023a583200000000
060000000000000009
030000000002049b72
06000000000000000a
0100ca000000000000
060000000000000009
030000000000500000
06000000000000000a
030000000001000102
06000000000000000b
030000000000dc0000
06000000000000000c
030000000000bc0000
06000000000000000d
0300000000de8b069e
06000000000000000e
0300000000023a5832
06000000000000000f
010035000000000000
06000000000000000e
030000000000ca0000
06000000000000000f
010276b7d400000000
06000000000000000e
0122e4ef6900000000
06000000000000000d
030000000000350000
06000000000000000e
03000000000276b7d4
06000000000000000f
030000000022e4ef69
060000000000000010
030000000000000000
060000000000000010
030000000000000000
060000000000000010
030000001800000000
060000000000000010
030000000000000000
060000000000000010
030000000000000000
060000000000000010
070200300400000000
06000000000000000f
030000000002003004
060000000000000010
030000000400020000
030000001080000020
030000001400000001
030000001800000000
030000001c00000000
030000002000000000
030000002400000000
030000002800000000
030000002c80010035
030000003080000007
060000000000000010
030000001400000001
060000000000000010
0102a0d49e00000000
06000000000000000f
01002a01ff00000000
06000000000000000e
01000001e300000000
06000000000000000d
030000000002a0d49e
06000000000000000e
0300000000002a01ff
06000000000000000f
0300000000000001e3
060000000000000010
010021000000000000
06000000000000000f
020000000000000000
06000000000000000f
090100000000000000
06000000000000000e
030000000000210000
06000000000000000f
080000005200000000
060000000000000010
030000000000000000
060000000000000010
013b70fa7900000000
06000000000000000f
03000000003b70fa79
060000000000000010
030000000000000000
060000000000000010
010213e5c200000000
06000000000000000f
03000000000213e5c2
060000000000000010
015c3cfe6900000000
06000000000000000f
010100010700000000
06000000000000000e
01002000ff00000000
06000000000000000d
0100d5000000000000
06000000000000000c
030000001800000000
06000000000000000c
03000000005c3cfe69
06000000000000000d
01000000e200000000
06000000000000000c
030000000400000004
030000001000000000
030000001400000000
030000001800000000
030000001c00000000
030000002000000000
030000002400000000
030000002800000000
030000002c000000d1
030000003000000080
06000000000000000c
030000000001000107
06000000000000000d
040000000000000000
06000000000000000d
0100e5011f00000000
06000000000000000c
0102270c9c00000000
06000000000000000b
01000001e300000000
06000000000000000a
01005a002000000000
060000000000000009
080000000500000000
060000000000000010
030000000000000000
060000000000000010
030000000000000000
060000000000000010
030000000000000000
060000000000000010
030000000000000000
060000000000000010
030000000000000000
060000000000000010
030000000000000000
060000000000000010
030000000000000000
060000000000000010
01000001e700000000
06000000000000000f
0300000000000001e7
060000000000000010
01000001e300000000
06000000000000000f
01004600f000000000
06000000000000000e
01000000e400000000
06000000000000000d
0702003002000001e3
06000000000000000d
01000000e000000000
06000000000000000c
010251f8e800000000
06000000000000000b
0100d0015200000000
06000000000000000a
010100010200000000
060000000000000009
01000000e100000000
060000000000000008
030000000400000008
030000001080000000
030000001400000000
030000001800040000
030000001c00000000
030000002000000000
030000002400000000
030000002800000000
030000002c000000c8
030000003000000084
060000000000000008
0100a8000000000000
060000000000000007
030000002000000000
060000000000000007
0300000000004600f0
060000000000000008
01f8a3b29c00000000
060000000000000007
0300000000000000e4
060000000000000008
030000000002003002
060000000000000009
01024f4e8200000000
060000000000000008
0300000000000000e0
060000000000000009
03000000000251f8e8
06000000000000000a
030000000000d00152
06000000000000000b
030000000001000102
06000000000000000c
090100010300000000
06000000000000000b
01f16e2d3700000000
06000000000000000a
0300000000000000e1
06000000000000000b
030000000000a80000
06000000000000000c
0300000000f8a3b29c
06000000000000000d
0300000000024f4e82
06000000000000000e
040000000000000000
06000000000000000e
01010000c800000000
06000000000000000d
030000000001000103
06000000000000000e
0300000000f16e2d37
06000000000000000f
0300000000010000c8
060000000000000010
030000000000000000
060000000000000010
030000000000000000
060000000000000010
030000000000000000
060000000000000010
030000000400000000
030000001080000000
030000001400000000
030000001800040000
030000001c00000000
030000002000000000
030000002400000000
030000002800000000
030000002c000000a8
03000000300000008c
060000000000000010
08000000e800000000
060000000000000010
01000000e400000000
06000000000000000f
08000001f000000000
060000000000000010
030000000000000000
060000000000000010
030000000000000000
060000000000000010
030000000000000000
060000000000000010
030000000000000000
060000000000000010
01000001e600000000
06000000000000000f
01001c01ff00000000
06000000000000000e
0300000000000001e6
06000000000000000f
0300000000001c01ff
060000000000000010
030000000000000000
060000000000000010
030000000000000000
060000000000000010
030000000000000000
060000000000000010
01000000e100000000
06000000000000000f
0102eb84d400000000
06000000000000000e
0300000000000000e1
06000000000000000f
030000000002eb84d4
060000000000000010
030000000000000000
060000000000000010
030000000000000000
060000000000000010
0116a099ae00000000
06000000000000000f
01022d1ce500000000
06000000000000000e
0100b0000000000000
06000000000000000d
0100b5000000000000
06000000000000000c
030000000016a099ae
06000000000000000d
030000000400000003
030000001080000000
030000001400000000
030000001800040000
030000001c00000000
030000002000000000
030000002400000000
030000002800000000
030000002c800100b5
03000000300000008c
06000000000000000d
0100dd000000000000
06000000000000000c
0102ec560500000000
06000000000000000b
01004400e800000000
06000000000000000a
010088012000000000
060000000000000009
01023795a900000000
060000000000000008
058000000100000000
060000000000000008
017b35a33a00000000
060000000000000007
030000001080000000
060000000000000007
0300000000022d1ce5
060000000000000008
050000000400000000
060000000000000008
010096010500000000
060000000000000007
030000000000b00000
060000000000000008
018771488900000000
060000000000000007
0100fe01ff00000000
060000000000000006
01010001c800000000
060000000000000005
01ab269f5c00000000
060000000000000004
0102a9764f00000000
060000000000000003
01000001e600000000
060000000000000002
0102c10bdf00000000
060000000000000001
01021440f700000000
060000000000000000
0102d5140c00000000
060000000000000000
030000000400010010
060000000000000000
030000000000b50000
060000000000000001
030000001c00000000
060000000000000001
011769540f00000000
060000000000000000
030000000400010010
030000001080000020
030000001400000001
030000001800040000
030000001c00000000
030000002000000000
030000002400000000
030000002800000000
030000002c800100dd
03000000300000008c
060000000000000000
080000002c00000000
060000000000000010
01e69f168900000000
06000000000000000f
05fffffffc00000000
06000000000000000f
01006f000000000000
06000000000000000e
01027bcd4900000000
06000000000000000d
0300000000e69f1689
06000000000000000e
030000002800000000
06000000000000000e
0300000000006f0000
06000000000000000f
01000000e600000000
06000000000000000e
0300000000027bcd49
06000000000000000f
0300000000000000e6
060000000000000010
0102fb9ee700000000
06000000000000000f
030000000002fb9ee7
060000000000000010
030000002400000000
060000000000000010
030000000000000000
060000000000000010
030000000000000000
060000000000000010
030000000000000000
060000000000000010
030000000000000000
060000000000000010
030000000000000000
060000000000000010
030000001400000001
060000000000000010
030000000000000000
060000000000000010
030000000000000000
060000000000000010
030000000000000000
060000000000000010
030000000000000000
060000000000000010
030000000000000000
060000000000000010
030000000400010000
030000001080000020
030000001400000001
030000001800040000
030000001c00000000
030000002000000000
030000002400000000
030000002800000000
030000002c8001002f
03000000300000008c
060000000000000010
030000000000000000
060000000000000010
080000010500000000
060000000000000010
030000000000000000
060000000000000010
030000000000000000
060000000000000010
030000000000000000
060000000000000010
030000001080000020
060000000000000010
030000000000000000
060000000000000010
030000000000000000
060000000000000010
030000000000000000
060000000000000010
030000000000000000
060000000000000010
030000000000000000
060000000000000010
030000000000000000
060000000000000010
0102b4de8100000000
06000000000000000f
030000000002b4de81
060000000000000010
030000000000000000
060000000000000010
030000002800000000
060000000000000010
030000000000000000
060000000000000010
030000000000000000
060000000000000010
030000000000000000
060000000000000010
030000000000000000
060000000000000010
030000000000000000
060000000000000010
0702003ffb00000000
06000000000000000f
030000000002003ffb
060000000000000010
030000000000000000
060000000000000010
030000000000000000
060000000000000010
030000000400010000
030000001080000020
030000001400000001
030000001800040000
030000001c00000000
030000002000000000
030000002400000000
030000002800000000
030000002c8001002f
03000000300000008c
060000000000000010
0100a4012c00000000
06000000000000000f
030000000000a4012c
060000000000000010
010253bde600000000
06000000000000000f
0102a3ca6200000000
06000000000000000e
03000000000253bde6
06000000000000000f
030000000002a3ca62
060000000000000010
010013011f00000000
06000000000000000f
0100ff010500000000
06000000000000000e
010059012000000000
06000000000000000d
040000000100000000
060000000000000010
01000000e400000000
06000000000000000f
01901e482000000000
06000000000000000e
040000000200000000
06000000000000000e
040000000000000000
06000000000000000e
010071000000000000
06000000000000000d
010100010700000000
06000000000000000c
01022b1be700000000
06000000000000000b
01000001e200000000
06000000000000000a
0100f401ff00000000
060000000000000009
01000001e000000000
060000000000000008
01000001e300000000
060000000000000007
01023d8e7000000000
060000000000000006
01a78bb04a00000000
060000000000000005
0300000000000000e4
060000000000000006
01000000e500000000
060000000000000005
03000000040000000b
030000001080000020
030000001400001001
030000001800040000
030000001c00000000
030000002000000000
030000002400000000
030000002800000000
030000002c8001005d
03000000300000008c
060000000000000005
0300000000901e4820
060000000000000006
01000001e000000000
060000000000000005
01008d000400000000
060000000000000004
030000000000710000
060000000000000005
0102b5114900000000
060000000000000004
030000002400000000
060000000000000004
030000002800000000
060000000000000004
030000000001000107
060000000000000005
0300000000022b1be7
060000000000000006
010100000000000000
060000000000000005
010244cad300000000
060000000000000004
0102249cd800000000
060000000000000003
0100e901e800000000
060000000000000002
0102cb8b1400000000
060000000000000001
0300000000000001e2
060000000000000002
030000000000f401ff
060000000000000003
0300000000000001e0
060000000000000004
050000000400000000
060000000000000004
0300000000000001e3
060000000000000005
0300000000023d8e70
060000000000000006
010ac36b0800000000
060000000000000005
01000001e300000000
060000000000000004
010100012000000000
060000000000000003
0300000000a78bb04a
060000000000000004
010096000000000000
060000000000000003
03000000040000000d
030000001080000020
030000001400001001
030000001800040000
030000001c00000000
030000002000000000
030000002400000000
030000002800000000
030000002c80010196
03000000300000008c
060000000000000003
0300000000000000e5
060000000000000004
0300000000000001e0
060000000000000005
011ab069c800000000
060000000000000004
03000000040000000c
060000000000000004
0300000000008d0004
060000000000000005
030000000002b51149
060000000000000006
030000000001000000
060000000000000007
03000000000244cad3
060000000000000008
030000000002249cd8
060000000000000009
030000000000e901e8
06000000000000000a
010100010200000000
060000000000000009
030000000002cb8b14
06000000000000000a
040000000200000000
06000000000000000a
03000000000ac36b08
06000000000000000b
01000001e600000000
06000000000000000a
0300000000000001e3
06000000000000000b
030000000001000120
06000000000000000c
030000000000960000
06000000000000000d
03000000001ab069c8
06000000000000000e
030000000001000102
06000000000000000f
0300000000000001e6
060000000000000010
0100df002000000000
06000000000000000f
030000000000df0020
060000000000000010
030000000000000000
060000000000000010
030000000000000000
060000000000000010
030000000400000000
030000001080000020
030000001400001000
030000001800040000
030000001c00000000
030000002000000000
030000002400000000
030000002800000000
030000002c800101d6
03000000300000008c
060000000000000010
030000001400001000
060000000000000010
030000000000000000
060000000000000010
030000000000000000
060000000000000010
0102f74b8900000000
06000000000000000f
030000000002f74b89
060000000000000010
01000000e600000000
06000000000000000f
01000000e700000000
06000000000000000e
010100010700000000
06000000000000000d
0300000000000000e6
06000000000000000e
01a65dcbd000000000
06000000000000000d
020000000000000000
06000000000000000d
0300000000000000e7
06000000000000000e
0102a51b3600000000
06000000000000000d
01020422ca00000000
06000000000000000c
014d7ca9d400000000
06000000000000000b
01006b000000000000
06000000000000000a
010100001f00000000
060000000000000009
0102e9c79c00000000
060000000000000008
0100c5001f00000000
060000000000000007
01678aed0d00000000
060000000000000006
030000001800000000
060000000000000006
010100002000000000
060000000000000005
030000000001000107
060000000000000006
012995449100000000
060000000000000005
020000000200000000
060000000000000005
03000000040004000b
030000001000000000
030000001400000000
030000001800000000
030000001c00000000
030000002000000000
030000002400000000
030000002800000000
030000002c00000000
030000003000000000
060000000000000005
020000000300000000
060000000000000005
010100010700000000
060000000000000004
010286239100000000
060000000000000003
0300000000a65dcbd0
060000000000000004
030000000002a51b36
060000000000000005
030000002c00000000
060000000000000005
0300000000020422ca
060000000000000006
01021e5a0800000000
060000000000000005
03000000004d7ca9d4
060000000000000006
010042000000000000
060000000000000005
010023015200000000
060000000000000004
01021e0c0a00000000
060000000000000003
01021a6d8200000000
060000000000000002
01004d01f000000000
060000000000000001
030000002000000000
060000000000000001
030000001400000000
060000000000000001
01c1d0abef00000000
060000000000000000
040000000300000000
060000000000000010
030000000000000000
060000000000000010
0100ca000000000000
06000000000000000f
030000000000ca0000
060000000000000010
030000000000000000
060000000000000010
0102dcc75900000000
06000000000000000f
030000000002dcc759
060000000000000010
030000000000000000
060000000000000010
030000000400060000
030000001000000000
030000001400000000
030000001800040000
030000001c00000000
030000002000000000
030000002400000000
030000002800000000
030000002c000100ca
030000003000000080
060000000000000010
030000000400060000
060000000000000010
030000000000000000
060000000000000010
030000000000000000
060000000000000010
030000000000000000
060000000000000010
030000000000000000
060000000000000010
030000000000000000
060000000000000010
058000000100000000
060000000000000010
01000001e000000000
06000000000000000f
0300000000000001e0
060000000000000010
01e2b2ac8c00000000
06000000000000000f
0300000000e2b2ac8c
060000000000000010
030000000000000000
060000000000000010
030000000000000000
060000000000000010
030000000000000000
060000000000000010
030000000000000000
060000000000000010
030000000000000000
060000000000000010
030000000000000000
060000000000000010
014a14dd5600000000
06000000000000000f
03000000004a14dd56
060000000000000010
030000000000000000
060000000000000010
040000000300000000
060000000000000010
030000000000000000
060000000000000010
050000010000000000
060000000000000010
010078002c00000000
06000000000000000f
03000000000078002c
060000000000000010
030000000400060000
030000001000000000
030000001400000000
030000001800040000
030000001c00000000
030000002000000000
030000002400000000
030000002800000000
030000002c000100cb
030000003000000080
060000000000000010
030000000000000000
060000000000000010
030000000000000000
060000000000000010
030000000000000000
060000000000000010
030000000000000000
060000000000000010
080000010500000000
060000000000000010
030000000000000000
060000000000000010
030000000000000000
060000000000000010
030000000000000000
060000000000000010
030000003000000080
060000000000000010
030000000000000000
060000000000000010
0102e5dbe200000000
06000000000000000f
010207068200000000
06000000000000000e
010026000000000000
06000000000000000d
030000000002e5dbe2
06000000000000000e
010100010700000000
06000000000000000d
01000000e200000000
06000000000000000c
0100b3000000000000
06000000000000000b
030000000002070682
06000000000000000c
010100010700000000
06000000000000000b
017a9b4bb900000000
06000000000000000a
010047000000000000
060000000000000009
030000000000260000
06000000000000000a
040000000300000000
060000000000000010
030000000000000000
060000000000000010
01000001e300000000
06000000000000000f
030000000400060001
030000001000000020
030000001400000000
030000001800040000
030000001c00000000
030000002000000000
030000002400000000
030000002800000000
030000002c0001004f
030000003000000080
06000000000000000f
010100011f00000000
06000000000000000e
0300000000000001e3
06000000000000000f
010277bac400000000
06000000000000000e
01029f5b9100000000
06000000000000000d
01025cf34800000000
06000000000000000c
03000000000100011f
06000000000000000d
040000000300000000
060000000000000010
080000010400000000
060000000000000010
01000000e700000000
06000000000000000f
0300000000000000e7
060000000000000010
010100000000000000
06000000000000000f
0100d8010500000000
06000000000000000e
01008e01ff00000000
06000000000000000d
058000000100000000
06000000000000000d
030000000001000000
06000000000000000e
0100bf000000000000
06000000000000000d
0102f73cb300000000
06000000000000000c
01000001e600000000
06000000000000000b
010215e07800000000
06000000000000000a
01009c000000000000
060000000000000009
070200300100d80105
060000000000000009
0300000000008e01ff
06000000000000000a
030000000000bf0000
06000000000000000b
030000000002f73cb3
06000000000000000c
0300000000000001e6
06000000000000000d
030000000400060003
030000001000000030
030000001400000000
030000001800040000
030000001c00000000
030000002000000000
030000002400000000
030000002800000000
030000002c8001009c
030000003080000080
06000000000000000d
090100000100000000
06000000000000000c
03000000000215e078
06000000000000000d
0300000000009c0000
06000000000000000e
030000000002003001
06000000000000000f
030000000001000001
060000000000000010
040000000100000000
060000000000000010
0100db000000000000
06000000000000000f
030000000000db0000
060000000000000010
030000000000000000
060000000000000010
030000000400060000
060000000000000010
030000000000000000
060000000000000010
030000000000000000
060000000000000010
01000000e300000000
06000000000000000f
0300000000000000e3
060000000000000010
030000000000000000
060000000000000010
030000000000000000
060000000000000010
01000000e100000000
06000000000000000f
0300000000000000e1
060000000000000010
030000000400060000
060000000000000010
030000000000000000
060000000000000010
030000000000000000
060000000000000010
016595a40100000000
06000000000000000f
030000002000000000
06000000000000000f
03000000006595a401
060000000000000010
020000000300000000
060000000000000010
030000000400060000
030000001000000030
030000001400000000
030000001800040000
030000001c00000000
030000002000000000
030000002400000000
030000002800000000
030000002c800100d1
030000003080000080
060000000000000010
030000000000000000
060000000000000010
010057000000000000
06000000000000000f
030000000000570000
060000000000000010
030000000000000000
060000000000000010
030000000000000000
060000000000000010
030000000000000000
060000000000000010
040000000100000000
060000000000000010
090100000100000000
06000000000000000f
030000000001000001
060000000000000010
030000000000000000
060000000000000010
01000000e400000000
06000000000000000f
01000001e600000000
06000000000000000e
01000001e700000000
06000000000000000d
0300000000000000e4
06000000000000000e
0300000000000001e6
06000000000000000f
020000000300000000
06000000000000000f
01021f05c100000000
06000000000000000e
010258593600000000
06000000000000000d
0100e6000000000000
06000000000000000c
01000001e200000000
06000000000000000b
01005d010400000000
06000000000000000a
0102df8ced00000000
060000000000000009
0102763fe500000000
060000000000000008
0159369eeb00000000
060000000000000007
040000000100000000
060000000000000010
030000000400060000
030000001000000030
030000001400000000
030000001800040000
030000001c00000000
030000002000000000
030000002400000000
030000002800000000
030000002c800100e6
030000003080000080
060000000000000010
030000000000000000
060000000000000010
030000000000000000
060000000000000010
01000000e200000000
06000000000000000f
080000005200000000
060000000000000010
030000000000000000
060000000000000010
030000000000000000
060000000000000010
01000000e400000000
06000000000000000f
0100c0015200000000
06000000000000000e
0300000000000000e4
06000000000000000f
010100011f00000000
06000000000000000e
01000001e200000000
06000000000000000d
070200300300c00152
06000000000000000d
0702003fff0100011f
06000000000000000d
0300000000000001e2
06000000000000000e
030000000002003003
06000000000000000f
01278b800000000000
06000000000000000e
020000000300000000
06000000000000000e
01be729b4500000000
06000000000000000d
01816bbfd800000000
06000000000000000c
010018015200000000
06000000000000000b
01a878134500000000
06000000000000000a
080000010400000000
060000000000000010
030000000000000000
060000000000000010
030000000000000000
060000000000000010
01020adfc900000000
06000000000000000f
030000000400060001
030000001000000030
030000001400000000
030000001800040000
030000001c00000000
030000002000000000
030000002400000000
030000002800000000
030000002c800100e6
030000003080000080
06000000000000000f
0168371d0700000000
06000000000000000e
01000001e600000000
06000000000000000d
0102e12b1d00000000
06000000000000000c
0300000000020adfc9
06000000000000000d
030000000068371d07
06000000000000000e
0300000000000001e6
06000000000000000f
050000010000000000
06000000000000000f
030000000002e12b1d
060000000000000010
0702003ffe00000000
06000000000000000f
030000000002003ffe
060000000000000010
030000000000000000
060000000000000010
030000000000000000
060000000000000010
01002200ff00000000
06000000000000000f
010044000000000000
06000000000000000e
0300000000002200ff
06000000000000000f
030000001800040000
06000000000000000f
030000000000440000
060000000000000010
01fb56696100000000
06000000000000000f
010100000100000000
06000000000000000e
090100010300000000
06000000000000000d
0300000000fb566961
06000000000000000e
020000000100000000
06000000000000000e
030000002c00010044
06000000000000000e
05fffffffc00000000
06000000000000000e
030000000001000001
06000000000000000f
030000000400020001
030000001000000030
030000001400000000
030000001800040000
030000001c00000000
030000002000000000
030000002400000000
030000002800000000
030000002c00010044
030000003000000000
06000000000000000f
01c0f5b45300000000
06000000000000000e
030000000001000103
06000000000000000f
0300000000c0f5b453
060000000000000010
030000001c00000000
060000000000000010
050000010000000000
060000000000000010
030000000400020000
060000000000000010
030000000000000000
060000000000000010
030000000000000000
060000000000000010
030000000000000000
060000000000000010
030000000000000000
060000000000000010
030000000000000000
060000000000000010
01d9ebb40900000000
06000000000000000f
0102ea958100000000
06000000000000000e
01000001e400000000
06000000000000000d
012b3b44ca00000000
06000000000000000c
0300000000d9ebb409
06000000000000000d
030000000002ea9581
06000000000000000e
0300000000000001e4
06000000000000000f
0100d9015200000000
06000000000000000e
017aac92a400000000
06000000000000000d
090100000100000000
06000000000000000c
01021f73b100000000
06000000000000000b
01008d00e800000000
06000000000000000a
0100a8000000000000
060000000000000009
030000001400000000
060000000000000009
030000000400020007
030000001000000030
030000001400000000
030000001800040000
030000001c00000000
030000002000000000
030000002400000000
030000002800000000
030000002c000100a8
030000003000000000
060000000000000009
03000000002b3b44ca
06000000000000000a
0102751a9100000000
060000000000000009
010100000200000000
060000000000000008
030000001400000000
060000000000000008
030000000000d90152
060000000000000009
07020030047aac92a4
060000000000000009
030000000001000001
06000000000000000a
0102ba1a4600000000
060000000000000009
0100db000000000000
060000000000000008
0102bbc34f00000000
060000000000000007
010100012000000000
060000000000000006
03000000040002000a
060000000000000006
0194458d9f00000000
060000000000000005
010042000000000000
060000000000000004
01000000e400000000
060000000000000003
014542e0a200000000
060000000000000002
01023d8ede00000000
060000000000000001
01cae568fc00000000
060000000000000000
0300000000021f73b1
060000000000000001
01000000e500000000
060000000000000000
010268ce1700000000
060000000000000000
020000000300000000
060000000000000000
01000001e300000000
060000000000000000
010263d04700000000
060000000000000000
0300000000008d00e8
060000000000000001
03000000040007000f
030000001000000030
030000001400000000
030000001800040000
030000001c00000000
030000002000000000
030000002400000000
030000002800000000
030000002c0001004a
030000003000000000
060000000000000001
090100000000000000
060000000000000000
030000000000a80000
060000000000000001
030000000002751a91
060000000000000002
01000000e500000000
060000000000000001
030000000001000002
060000000000000002
01022d95af00000000
060000000000000001
020000000300000000
060000000000000001
0702003ffb02003004
060000000000000001
0102bb6bbc00000000
060000000000000000
01022530a300000000
060000000000000000
030000000002ba1a46
060000000000000001
01010000c800000000
060000000000000000
030000000000db0000
060000000000000001
030000000002bbc34f
060000000000000002
01029e292800000000
060000000000000001
0102374f0000000000
060000000000000000
030000001c00000000
060000000000000000
030000000001000120
060000000000000001
030000000094458d9f
060000000000000002
030000000000420000
060000000000000003
0300000000000000e4
060000000000000004
03000000004542e0a2
060000000000000005
03000000040007000b
060000000000000005
01022f895c00000000
060000000000000004
030000001c00000000
060000000000000004
03000000040007000c
030000001000000030
030000001400000000
030000001800040000
030000001c00000000
030000002000000000
030000002400000000
030000002800000000
030000002c0001004a
030000003000000000
060000000000000004
0300000000023d8ede
060000000000000005
0300000000cae568fc
060000000000000006
0300000000000000e5
060000000000000007
01028f75aa00000000
060000000000000006
030000001400000000
060000000000000006
010236196100000000
060000000000000005
030000000001000000
060000000000000006
0300000000000000e5
060000000000000007
0300000000022d95af
060000000000000008
040000000000000000
060000000000000008
030000000002003ffb
060000000000000009
030000002400000000
060000000000000009
030000003000000000
060000000000000009
030000000002bb6bbc
06000000000000000a
0300000000010000c8
06000000000000000b
0300000000029e2928
06000000000000000c
030000000002374f00
06000000000000000d
01024e399100000000
06000000000000000c
0300000000022f895c
06000000000000000d
0300000000028f75aa
06000000000000000e
050000000400000000
06000000000000000e
0175d056c500000000
06000000000000000d
030000000002361961
06000000000000000e
090100000200000000
06000000000000000d
0300000000024e3991
06000000000000000e
030000000400060002
030000001000000030
030000001400000000
030000001800040000
030000001c00000000
030000002000000000
030000002400000000
030000002800000000
030000002c0001004a
030000003000000000
06000000000000000e
01025296c600000000
06000000000000000d
01000001e400000000
06000000000000000c
030000000075d056c5
06000000000000000d
0196fc310900000000
06000000000000000c
030000000001000002
06000000000000000d
0300000000025296c6
06000000000000000e
090100000100000000
06000000000000000d
0300000000000001e4
06000000000000000e
0100b800f000000000
06000000000000000d
01cb5ad73400000000
06000000000000000c
01002a000000000000
06000000000000000b
01006d000500000000
06000000000000000a
030000000096fc3109
06000000000000000b
030000000001000001
06000000000000000c
030000000000b800f0
06000000000000000d
01a12bbbc100000000
06000000000000000c
0300000000cb5ad734
06000000000000000d
0194ec82a100000000
06000000000000000c
01000000e400000000
06000000000000000b
0102bb85b400000000
06000000000000000a
0100f200f000000000
060000000000000009
090100010100000000
060000000000000008
010100010200000000
060000000000000007
010100010200000000
060000000000000006
01446dfd8f00000000
060000000000000005
03000000040006000b
030000001000000010
030000001400000000
030000001800040000
030000001c00000000
030000002000000000
030000002400000000
030000002800000000
030000002c0000002a
030000003000000006
060000000000000005
0300000000002a0000
060000000000000006
0300000000006d0005
060000000000000007
030000002c0000002a
060000000000000007
01f850d6f900000000
060000000000000006
080000015200000000
060000000000000010
040000000300000000
060000000000000010
030000000000000000
060000000000000010
030000003000000006
060000000000000010
040000000000000000
060000000000000010
01000001e400000000
06000000000000000f
010059012000000000
06000000000000000e
0102c0bc0c00000000
06000000000000000d
01000000e600000000
06000000000000000c
0300000000000001e4
06000000000000000d
030000000000590120
06000000000000000e
05fffffffc00000000
06000000000000000e
030000000002c0bc0c
06000000000000000f
0300000000000000e6
060000000000000010
030000000000000000
060000000000000010
01000000e600000000
06000000000000000f
080000001f00000000
060000000000000010
030000000000000000
060000000000000010
010060000000000000
06000000000000000f
030000001800040000
06000000000000000f
030000000000600000
060000000000000010
030000000400060000
030000001000000010
030000001400000001
030000001800040000
030000001c00000000
030000002000000000
030000002400000000
030000002800000000
030000002c00000060
030000003000000006
060000000000000010
030000000000000000
060000000000000010
030000000000000000
060000000000000010
040000000000000000
060000000000000010
030000000000000000
060000000000000010
01007b000000000000
06000000000000000f
0181e9e6cc00000000
06000000000000000e
0300000000007b0000
06000000000000000f
030000000081e9e6cc
060000000000000010
030000000000000000
060000000000000010
020000000300000000
060000000000000010
020000000300000000
060000000000000010
030000000000000000
060000000000000010
030000000000000000
060000000000000010
040000000300000000
060000000000000010
030000002800000000
060000000000000010
0702003ffe00000000
06000000000000000f
030000002800000000
06000000000000000f
010290fa5b00000000
06000000000000000e
030000000002003ffe
06000000000000000f
030000002000000000
06000000000000000f
03000000000290fa5b
060000000000000010
020000000300000000
060000000000000010
030000000000000000
060000000000000010
030000000000000000
060000000000000010
030000003000000006
060000000000000010
030000000400060000
030000001000000010
030000001400000001
030000001800040000
030000001c00000000
030000002000000000
030000002400000000
030000002800000000
030000002c0000007b
030000003000000006
060000000000000010
030000000000000000
060000000000000010
030000000000000000
060000000000000010
030000000000000000
060000000000000010
01003a000000000000
06000000000000000f
0102836ba600000000
06000000000000000e
0300000000003a0000
06000000000000000f
018a5af85700000000
06000000000000000e
030000000002836ba6
06000000000000000f
03000000008a5af857
060000000000000010
01000000e700000000
06000000000000000f
0300000000000000e7
060000000000000010
01005e000000000000
06000000000000000f
010080000000000000
06000000000000000e
010100010100000000
06000000000000000d
0300000000005e0000
06000000000000000e
030000000000800000
06000000000000000f
030000000001000101
060000000000000010
030000000000000000
060000000000000010
030000000000000000
060000000000000010
0100c9001f00000000
06000000000000000f
01000e01ff00000000
06000000000000000e
0102817dc500000000
06000000000000000d
018133347500000000
06000000000000000c
030000000000c9001f
06000000000000000d
0300000000000e01ff
06000000000000000e
030000000400060002
030000001000000010
030000001400000001
030000001800040000
030000001c00000000
030000002000000000
030000002400000000
030000002800000000
030000002c80000080
030000003000000006
06000000000000000e
010050000000000000
06000000000000000d
050000000400000000
06000000000000000d
010100010000000000
06000000000000000c
058000000100000000
06000000000000000c
0170d1f59000000000
06000000000000000b
030000000002817dc5
06000000000000000c
030000000081333475
06000000000000000d
030000000000500000
06000000000000000e
030000000001000100
06000000000000000f
030000000070d1f590
060000000000000010
0102f1161500000000
06000000000000000f
040000000000000000
06000000000000000f
0100f3000000000000
06000000000000000e
0702003ffe02f11615
06000000000000000e
010097011f00000000
06000000000000000d
0100a6000000000000
06000000000000000c
030000000000f30000
06000000000000000d
0102936a3700000000
06000000000000000c
090100000300000000
06000000000000000b
010078005200000000
06000000000000000a
030000000002003ffe
06000000000000000b
03000000000097011f
06000000000000000c
01026a9a3300000000
06000000000000000b
01f178afc200000000
06000000000000000a
0102cbebfc00000000
060000000000000009
030000000400060007
030000001080000010
030000001400000001
030000001800000000
030000001c00000000
030000002000000000
030000002400000000
030000002800000000
030000002c800000a6
030000003000000007
060000000000000009
030000000000a60000
06000000000000000a
030000000002936a37
06000000000000000b
01000000e300000000
06000000000000000a
030000000001000003
06000000000000000b
030000000000780052
06000000000000000c
0102269a2800000000
06000000000000000b
0300000000026a9a33
06000000000000000c
0300000000f178afc2
06000000000000000d
030000000002cbebfc
06000000000000000e
040000000100000000
060000000000000010
030000001800000000
060000000000000010
030000000000000000
060000000000000010
030000000000000000
060000000000000010
030000000000000000
060000000000000010
040000000100000000
060000000000000010
030000000000000000
060000000000000010
030000000400060000
060000000000000010
030000000000000000
060000000000000010
030000000000000000
060000000000000010
030000001800000000
060000000000000010
030000000000000000
060000000000000010
030000000000000000
060000000000000010
010015002c00000000
06000000000000000f
011f9fd3f700000000
06000000000000000e
040000000300000000
060000000000000010
030000000400060000
030000001080000010
030000001400000001
030000001800000000
030000001c00000000
030000002000000000
030000002400000000
030000002800000000
030000002c800000a6
030000003000000007
060000000000000010
030000001c00000000
060000000000000010
030000000000000000
060000000000000010
010216832600000000
06000000000000000f
030000000002168326
060000000000000010
030000000000000000
060000000000000010
010100000700000000
06000000000000000f
030000000001000007
060000000000000010
030000001080000010
060000000000000010
030000001c00000000
060000000000000010
030000000000000000
060000000000000010
01000001e600000000
06000000000000000f
0102f108f900000000
06000000000000000e
01846a43ab00000000
06000000000000000d
01494253ea00000000
06000000000000000c
01004f000000000000
06000000000000000b
010023000000000000
06000000000000000a
0102064bf300000000
060000000000000009
030000000400060007
060000000000000009
0300000000000001e6
06000000000000000a
030000000002f108f9
06000000000000000b
0100c2000000000000
06000000000000000a
0300000000846a43ab
06000000000000000b
0300000000494253ea
06000000000000000c
01d5a94ed900000000
06000000000000000b
080000002c00000000
060000000000000010
030000000400060000
030000001080000010
030000001400000001
030000001800000000
030000001c00000000
030000002000000000
030000002400000000
030000002800000000
030000002c800000c2
030000003000000007
060000000000000010
030000000000000000
060000000000000010
01023109e100000000
06000000000000000f
0702003004023109e1
06000000000000000f
030000000002003004
060000000000000010
070200300400000000
06000000000000000f
030000000002003004
060000000000000010
030000001080000010
060000000000000010
0100d5000000000000
06000000000000000f
030000000000d50000
060000000000000010
01000f000000000000
06000000000000000f
0100fe000000000000
06000000000000000e
030000002400000000
06000000000000000e
0300000000000f0000
06000000000000000f
010066000000000000
06000000000000000e
030000001800000000
06000000000000000e
0197b293cd00000000
06000000000000000d
030000000000fe0000
06000000000000000e
080000010400000000
060000000000000010
010034000000000000
06000000000000000f
030000000000340000
060000000000000010
030000000000000000
060000000000000010
01000001e300000000
06000000000000000f
0300000000000001e3
060000000000000010
01029ac8c800000000
06000000000000000f
0300000000029ac8c8
060000000000000010
030000000400060000
030000001080000010
030000001400000001
030000001800000000
030000001c00000000
030000002000000000
030000002400000000
030000002800000000
030000002c8000003c
030000003000000007
060000000000000010
030000000000000000
060000000000000010
010100010100000000
06000000000000000f
08000001ff00000000
060000000000000010
030000000000000000
060000000000000010
030000000000000000
060000000000000010
030000000000000000
060000000000000010
030000000000000000
060000000000000010
01005b000000000000
06000000000000000f
010100012000000000
06000000000000000e
0300000000005b0000
06000000000000000f
01d6a7861d00000000
06000000000000000e
030000000001000120
06000000000000000f
08000001e800000000
060000000000000010
030000000000000000
060000000000000010
01021f603400000000
06000000000000000f
0300000000021f6034
060000000000000010
030000000000000000
060000000000000010
030000000000000000
060000000000000010
030000000000000000
060000000000000010
030000000000000000
060000000000000010
070200300300000000
06000000000000000f
030000002800000000
06000000000000000f
030000000002003003
060000000000000010
030000000000000000
060000000000000010
030000000000000000
060000000000000010
030000000400060000
030000001080000010
030000001400000001
030000001800000000
030000001c00000000
030000002000000000
030000002400000000
030000002800000000
030000002c8000015b
030000003000000007
060000000000000010
0100ce000000000000
06000000000000000f
020000000300000000
06000000000000000f
030000000000ce0000
060000000000000010
030000000000000000
060000000000000010
030000000000000000
060000000000000010
01007b000000000000
06000000000000000f
0300000000007b0000
060000000000000010
030000000000000000
060000000000000010
030000000000000000
060000000000000010
080000011f00000000
060000000000000010
030000000000000000
060000000000000010
030000000000000000
060000000000000010
030000000000000000
060000000000000010
01000001e400000000
06000000000000000f
0300000000000001e4
060000000000000010
030000000000000000
060000000000000010
01000000e600000000
06000000000000000f
0702003ffc000000e6
06000000000000000f
030000000002003ffc
060000000000000010
030000000000000000
060000000000000010
030000000000000000
060000000000000010
01000001e500000000
06000000000000000f
01000001e400000000
06000000000000000e
020000000100000000
06000000000000000e
040000000200000000
06000000000000000e
030000000400020002
030000001080000010
030000001400000001
030000001800000000
030000001c00000000
030000002000000000
030000002400000000
030000002800000000
030000002c8000013b
030000003000000000
06000000000000000e
010100010200000000
06000000000000000d
030000000400020003
06000000000000000d
010100010000000000
06000000000000000c
0300000000000001e5
06000000000000000d
01025a0cc800000000
06000000000000000c
0300000000000001e4
06000000000000000d
070200300401000102
06000000000000000d
01022ae02000000000
06000000000000000c
01000001e600000000
06000000000000000b
010061000000000000
06000000000000000a
030000000001000100
06000000000000000b
0300000000025a0cc8
06000000000000000c
0190fdfb5800000000
06000000000000000b
0102c6c7c500000000
06000000000000000a
030000000002003004
06000000000000000b
0300000000022ae020
06000000000000000c
01bd93024000000000
06000000000000000b
0300000000000001e6
06000000000000000c
0102e26f4200000000
06000000000000000b
01025399c100000000
06000000000000000a
030000000000610000
06000000000000000b
0102f6838800000000
06000000000000000a
01000001e500000000
060000000000000009
0100ff005200000000
060000000000000008
030000000090fdfb58
060000000000000009
030000000400020007
030000001080000010
030000001400000001
030000001800000000
030000001c00000000
030000002000000000
030000002400000000
030000002800000000
030000002c80000161
030000003000000005
060000000000000009
030000000002c6c7c5
06000000000000000a
0102749a3100000000
060000000000000009
0300000000bd930240
06000000000000000a
030000000002e26f42
06000000000000000b
030000002c80000161
06000000000000000b
0300000000025399c1
06000000000000000c
030000000002f68388
06000000000000000d
030000002000000000
06000000000000000d
080000012000000000
060000000000000010
030000001080000010
060000000000000010
030000000000000000
060000000000000010
070200300100000000
06000000000000000f
058000000100000000
06000000000000000f
030000000002003001
060000000000000010
030000000000000000
060000000000000010
030000000000000000
060000000000000010
030000000000000000
060000000000000010
030000001c00000000
060000000000000010
030000000000000000
060000000000000010
030000000000000000
060000000000000010
010100010700000000
06000000000000000f
030000000001000107
060000000000000010
030000001080000010
060000000000000010
030000000000000000
060000000000000010
030000000000000000
060000000000000010
030000000400020000
030000001080000010
030000001400000001
030000001800000000
030000001c00000000
030000002000000000
030000002400000000
030000002800000000
030000002c80000161
030000003000000085
060000000000000010
030000000000000000
060000000000000010
030000000000000000
060000000000000010
030000000000000000
060000000000000010
030000000000000000
060000000000000010
030000000000000000
060000000000000010
010100000000000000
06000000000000000f
010038000000000000
06000000000000000e
030000000001000000
06000000000000000f
01021fcb2a00000000
06000000000000000e
030000000000380000
06000000000000000f
0300000000021fcb2a
060000000000000010
030000000000000000
060000000000000010
030000000000000000
060000000000000010
0102283e7f00000000
06000000000000000f
030000000002283e7f
060000000000000010
030000000000000000
060000000000000010
030000000000000000
060000000000000010
030000000000000000
060000000000000010
01007b000000000000
06000000000000000f
0102c7653b00000000
06000000000000000e
010100010700000000
06000000000000000d
010279b3fe00000000
06000000000000000c
0300000000007b0000
06000000000000000d
010236f3d900000000
06000000000000000c
01025949d100000000
06000000000000000b
030000000400020005
030000001080000010
030000001400000001
030000001800000000
030000001c00000000
030000002000000000
030000002400000000
030000002800000000
030000002c8000017b
030000003000000084
06000000000000000b
01020b6ca700000000
06000000000000000a
030000001c00000000
06000000000000000a
010100000100000000
060000000000000009
01010001c800000000
060000000000000008
010243890d00000000
060000000000000007
030000000002c7653b
060000000000000008
0102c66dc300000000
060000000000000007
010279462d00000000
060000000000000006
030000000001000107
060000000000000007
0702003ffc0279b3fe
060000000000000007
010100001f00000000
060000000000000006
0173d507a400000000
060000000000000005
03000000000236f3d9
060000000000000006
010236252800000000
060000000000000005
030000001080000010
060000000000000005
01ec77fd8500000000
060000000000000004
0100dc000000000000
060000000000000003
0300000000025949d1
060000000000000004
0300000000020b6ca7
060000000000000005
0100aa000000000000
060000000000000004
030000002c800001aa
060000000000000004
01004f000000000000
060000000000000003
030000000001000001
060000000000000004
0300000000010001c8
060000000000000005
03000000000243890d
060000000000000006
03000000040002000a
030000001080000010
030000001400000001
030000001800000000
030000001c00000000
030000002000000000
030000002400000000
030000002800000000
030000002c8000014f
030000003000000084
060000000000000006
01006f000000000000
060000000000000005
030000000002c66dc3
060000000000000006
030000002400000000
060000000000000006
01026cb4e700000000
060000000000000005
080000012c00000000
060000000000000010
01008e000000000000
06000000000000000f
010261f93e00000000
06000000000000000e
040000000300000000
060000000000000010
030000000000000000
060000000000000010
030000002400000000
060000000000000010
0100b3010400000000
06000000000000000f
030000000000b30104
060000000000000010
090100010300000000
06000000000000000f
030000000001000103
060000000000000010
030000000000000000
060000000000000010
030000000000000000
060000000000000010
030000000000000000
060000000000000010
010076000000000000
06000000000000000f
030000000000760000
060000000000000010
030000000000000000
060000000000000010
030000002800000000
060000000000000010
030000000000000000
060000000000000010
030000000000000000
060000000000000010
030000000000000000
060000000000000010
01325783f300000000
06000000000000000f
030000000400020001
030000001080000010
030000001400001001
030000001800000000
030000001c00000000
030000002000000000
030000002400000000
030000002800000000
030000002c80000176
03000000300000008c
06000000000000000f
0300000000325783f3
060000000000000010
030000000000000000
060000000000000010
030000000000000000
060000000000000010
030000000000000000
060000000000000010
030000000000000000
060000000000000010
090100000100000000
06000000000000000f
030000000001000001
060000000000000010
030000000000000000
060000000000000010
030000000000000000
060000000000000010
030000000000000000
060000000000000010
030000000000000000
060000000000000010
030000000000000000
060000000000000010
030000000000000000
060000000000000010
01000001e300000000
06000000000000000f
0300000000000001e3
060000000000000010
01006a002000000000
06000000000000000f
0300000000006a0020
060000000000000010
030000000000000000
060000000000000010
030000000000000000
060000000000000010
030000000000000000
060000000000000010
070200300000000000
06000000000000000f
01e14abcee00000000
06000000000000000e
01000000e100000000
06000000000000000d
030000001080000010
06000000000000000d
030000000002003000
06000000000000000e
030000000400020002
030000001080000010
030000001400001000
030000001800000000
030000001c00000000
030000002000000000
030000002400000000
030000002800000000
030000002c8000017c
03000000300000008c
06000000000000000e
010089002c00000000
06000000000000000d
0102a25de800000000
06000000000000000c
0300000000e14abcee
06000000000000000d
030000000400020003
06000000000000000d
0300000000000000e1
06000000000000000e
010238c62f00000000
06000000000000000d
010253422000000000
06000000000000000c
01020f791400000000
06000000000000000b
03000000000089002c
06000000000000000c
0702003fff02a25de8
06000000000000000c
010100000100000000
06000000000000000b
01027ad84f00000000
06000000000000000a
010227d40b00000000
060000000000000009
013c3ed8c800000000
060000000000000008
0102474bfe00000000
060000000000000007
01000001e700000000
060000000000000006
030000002000000000
060000000000000006
01010000c800000000
060000000000000005
090100010300000000
060000000000000004
010034000000000000
060000000000000003
030000002000000000
060000000000000003
050000010000000000
060000000000000003
01000001e200000000
060000000000000002
07020030000238c62f
060000000000000002
0102db5bdb00000000
060000000000000001
03000000040002000f
030000001080000010
030000001400000000
030000001800000000
030000001c00000000
030000002000000000
030000002400000000
030000002800000000
030000002c80000134
03000000300000008c
060000000000000001
030000000002534220
060000000000000002
0300000000020f7914
060000000000000003
0146dea28500000000
060000000000000002
030000000002003fff
060000000000000003
010100010100000000
060000000000000002
010245b8ad00000000
060000000000000001
01000000e500000000
060000000000000000
010100001f00000000
060000000000000000
01020876a100000000
060000000000000000
030000000001000001
060000000000000001
0100bb000000000000
060000000000000000
01002b000000000000
060000000000000000
0300000000027ad84f
060000000000000001
0100dd01e800000000
060000000000000000
01010000c800000000
060000000000000000
01026665a900000000
060000000000000000
01cc20248e00000000
060000000000000000
050000010000000000
060000000000000000
03000000000227d40b
060000000000000001
03000000003c3ed8c8
060000000000000002
030000000002474bfe
060000000000000003
010276681700000000
060000000000000002
0300000000000001e7
060000000000000003
0300000000010000c8
060000000000000004
030000000001000103
060000000000000005
03000000040003000b
030000001080000010
030000001400000000
030000001800000000
030000001c00000000
030000002000000000
030000002400000000
030000002800000000
030000002c8000012b
03000000300000008e
060000000000000005
010100010700000000
060000000000000004
030000001800000000
060000000000000004
090100010200000000
060000000000000003
030000000000340000
060000000000000004
0100dc000000000000
060000000000000003
0300000000000001e2
060000000000000004
070200300402003000
060000000000000004
030000000002db5bdb
060000000000000005
030000000046dea285
060000000000000006
030000000001000101
060000000000000007
03000000000245b8ad
060000000000000008
010100001f00000000
060000000000000007
0300000000000000e5
060000000000000008
030000000000bb0000
060000000000000009
030000000000dd01e8
06000000000000000a
01005801e800000000
060000000000000009
030000000002766817
06000000000000000a
030000000001000107
06000000000000000b
0100e0000000000000
06000000000000000a
040000000100000000
060000000000000010
030000000000000000
060000000000000010
030000000000000000
060000000000000010
030000000000000000
060000000000000010
030000000000000000
060000000000000010
070200300100000000
06000000000000000f
030000000400020001
030000001080000010
030000001400000000
030000001800000000
030000001c00000000
030000002000000000
030000002400000000
030000002800000000
030000002c800001e0
03000000300000008e
06000000000000000f
030000000002003001
060000000000000010
030000000000000000
060000000000000010
030000000000000000
060000000000000010
010047000000000000
06000000000000000f
030000000000470000
060000000000000010
030000000000000000
060000000000000010
030000000000000000
060000000000000010
01029176e200000000
06000000000000000f
0300000000029176e2
060000000000000010
01024cf66000000000
06000000000000000f
01006c000000000000
06000000000000000e
01023e2e1200000000
06000000000000000d
01000000e100000000
06000000000000000c
010297d70000000000
06000000000000000b
01000001e000000000
06000000000000000a
030000001800000000
06000000000000000a
020000000300000000
06000000000000000a
030000002400000000
06000000000000000a
0300000000024cf660
06000000000000000b
040000000100000000
060000000000000010
010088000000000000
06000000000000000f
030000000000880000
060000000000000010
01010000c800000000
06000000000000000f
0300000000010000c8
060000000000000010
010100000200000000
06000000000000000f
030000000400060001
030000001080000010
030000001400000000
030000001800000000
030000001c00000000
030000002000000000
030000002400000000
030000002800000000
030000002c80000188
03000000300000008a
06000000000000000f
030000000001000002
060000000000000010
010019000000000000
06000000000000000f
030000000000190000
060000000000000010
030000000000000000
060000000000000010
030000000000000000
060000000000000010
030000001400000000
060000000000000010
0702003ffc00000000
06000000000000000f
030000000002003ffc
060000000000000010
030000000000000000
060000000000000010
016768a0f600000000
06000000000000000f
010100012000000000
06000000000000000e
0102b1d61100000000
06000000000000000d
010100000200000000
06000000000000000c
010036000000000000
06000000000000000b
014d92c6d900000000
06000000000000000a
03000000006768a0f6
06000000000000000b
030000000001000120
06000000000000000c
010299041700000000
06000000000000000b
01941edecb00000000
06000000000000000a
030000000002b1d611
06000000000000000b
030000001800000000
06000000000000000b
010100011f00000000
06000000000000000a
01005600e800000000
060000000000000009
030000000001000002
06000000000000000a
01004e000000000000
060000000000000009
030000000400060007
030000001080000010
030000001400000000
030000001800000000
030000001c00000000
030000002000000000
030000002400000000
030000002800000000
030000002c8000004e
03000000308000008a
060000000000000009
030000000000360000
06000000000000000a
03000000004d92c6d9
06000000000000000b
0102327bdf00000000
06000000000000000a
030000000002990417
06000000000000000b
01f13ad5ef00000000
06000000000000000a
0300000000941edecb
06000000000000000b
03000000000100011f
06000000000000000c
0300000000005600e8
06000000000000000d
040000000300000000
060000000000000010
0102b9ff9b00000000
06000000000000000f
030000000002b9ff9b
060000000000000010
030000000000000000
060000000000000010
0100a5000000000000
06000000000000000f
030000000000a50000
060000000000000010
030000000000000000
060000000000000010
010076000000000000
06000000000000000f
030000000000760000
060000000000000010
0100a8001f00000000
06000000000000000f
030000000000a8001f
060000000000000010
030000000000000000
060000000000000010
030000000000000000
060000000000000010
030000000000000000
060000000000000010
030000000000000000
060000000000000010
030000000000000000
060000000000000010
030000000000000000
060000000000000010
030000000400060000
030000001000000010
030000001400000000
030000001800000000
030000001c00000000
030000002000000000
030000002400000000
030000002800000000
030000002c80000076
03000000308000008a
060000000000000010
030000000000000000
060000000000000010
020000000300000000
060000000000000010
030000001400000000
060000000000000010
030000000000000000
060000000000000010
030000000000000000
060000000000000010
030000000000000000
060000000000000010
030000001000000010
060000000000000010
030000000000000000
060000000000000010
020000000300000000
060000000000000010
030000000000000000
060000000000000010
030000000000000000
060000000000000010
0100f1000000000000
06000000000000000f
01022d793200000000
06000000000000000e
01cd1f979300000000
06000000000000000d
01025f338100000000
06000000000000000c
0100b2015200000000
06000000000000000b
030000000000f10000
06000000000000000c
010242c1de00000000
06000000000000000b
0100f8002c00000000
06000000000000000a
01606b11a700000000
060000000000000009
010100010700000000
060000000000000008
0102629bf500000000
060000000000000007
0300000000022d7932
060000000000000008
01000001e300000000
060000000000000007
0300000000cd1f9793
060000000000000008
030000000400060008
030000001000000010
030000001400000000
030000001800040000
030000001c00000000
030000002000000000
030000002400000000
030000002800000000
030000002c800000f9
03000000308000008a
060000000000000008
01022b2eb500000000
060000000000000007
0100de00ff00000000
060000000000000006
08000000e800000000
060000000000000010
030000000000000000
060000000000000010
010100001f00000000
06000000000000000f
01da51231a00000000
06000000000000000e
03000000000100001f
06000000000000000f
0100ad011f00000000
06000000000000000e
010042000500000000
06000000000000000d
040000000200000000
06000000000000000d
01000001e500000000
06000000000000000c
01000001e000000000
06000000000000000b
01af263aad00000000
06000000000000000a
0100d2000000000000
060000000000000009
01000000e500000000
060000000000000008
01000000e500000000
060000000000000007
040000000100000000
060000000000000010
030000002400000000
060000000000000010
0100f6011f00000000
06000000000000000f
01008b000000000000
06000000000000000e
0102eaea4b00000000
06000000000000000d
010079010400000000
06000000000000000c
070200300400f6011f
06000000000000000c
010100000100000000
06000000000000000b
020000000200000000
06000000000000000b
030000000400040005
030000001000000000
030000001400000000
030000001800000000
030000001c00000000
030000002000000000
030000002400000000
030000002800000000
030000002c00000000
030000003000000088
06000000000000000b
0300000000008b0000
06000000000000000c
020000000200000000
06000000000000000c
090100000300000000
06000000000000000b
030000000002eaea4b
06000000000000000c
030000000000790104
06000000000000000d
030000000002003004
06000000000000000e
08000001e800000000
060000000000000010
030000000000000000
060000000000000010
030000001c00000000
060000000000000010
010206c04c00000000
06000000000000000f
030000001c00000000
06000000000000000f
03000000000206c04c
060000000000000010
030000000000000000
060000000000000010
030000000000000000
060000000000000010
040000000100000000
060000000000000010
030000000000000000
060000000000000010
020000000300000000
060000000000000010
030000000000000000
060000000000000010
030000000000000000
060000000000000010
040000000000000000
060000000000000010
01027edf6500000000
06000000000000000f
0300000000027edf65
060000000000000010
01010000c800000000
06000000000000000f
0300000000010000c8
060000000000000010
030000000000000000
060000000000000010
030000000400060000
030000001000000000
030000001400000000
030000001800000000
030000001c00000000
030000002000000000
030000002400000000
030000002800000000
030000002c00000100
030000003000000080
060000000000000010
030000000000000000
060000000000000010
030000000000000000
060000000000000010
030000000000000000
060000000000000010
030000000000000000
060000000000000010
030000000000000000
060000000000000010
030000000000000000
060000000000000010
030000000400060000
060000000000000010
010100011f00000000
06000000000000000f
03000000000100011f
060000000000000010
030000001c00000000
060000000000000010
030000000000000000
060000000000000010
0702003ffe00000000
06000000000000000f
030000000002003ffe
060000000000000010
030000000000000000
060000000000000010
030000000000000000
060000000000000010
040000000000000000
060000000000000010
030000000000000000
060000000000000010
030000000000000000
060000000000000010
0100e3000000000000
06000000000000000f
010293336300000000
06000000000000000e
010100001f00000000
06000000000000000d
030000000000e30000
06000000000000000e
030000000002933363
06000000000000000f
01005e00f000000000
06000000000000000e
01002801f000000000
06000000000000000d
030000000400060003
030000001000000000
030000001400000000
030000001800000000
030000001c00000000
030000002000000000
030000002400000000
030000002800000000
030000002c000101e3
030000003000000080
06000000000000000d
040000000000000000
06000000000000000d
030000003000000080
06000000000000000d
010251beac00000000
06000000000000000c
010255293100000000
06000000000000000b
010004011f00000000
06000000000000000a
03000000000100001f
06000000000000000b
010100012000000000
06000000000000000a
0102ac307b00000000
060000000000000009
040000000000000000
060000000000000009
0100ba000000000000
060000000000000008
030000003000000080
060000000000000008
01023fc1a000000000
060000000000000007
0100d6000000000000
060000000000000006
01083fb18c00000000
060000000000000005
0300000000005e00f0
060000000000000006
0702003ffb002801f0
060000000000000006
01002e015200000000
060000000000000005
010042000000000000
060000000000000004
030000003000000080
060000000000000004
017254382600000000
060000000000000003
020000000300000000
060000000000000003
01008c000500000000
060000000000000002
03000000000251beac
060000000000000003
01025b233b00000000
060000000000000002
010252c94000000000
060000000000000001
03000000040006000f
030000001080000000
030000001400000000
030000001800040000
030000001c00000000
030000002000000000
030000002400000000
030000002800000000
030000002c00010142
030000003000000080
060000000000000001
01010001c800000000
060000000000000000
01b126512700000000
060000000000000000
01006b000000000000
060000000000000000
020000000100000000
060000000000000000
030000000002552931
060000000000000001
03000000000004011f
060000000000000002
01000a000000000000
060000000000000001
020000000300000000
060000000000000001
040000000000000000
060000000000000001
030000000001000120
060000000000000002
030000000002ac307b
060000000000000003
030000000000ba0000
060000000000000004
03000000040007000c
060000000000000004
040000000000000000
060000000000000004
030000002400000000
060000000000000004
0300000000023fc1a0
060000000000000005
090100010300000000
060000000000000004
01000000e100000000
060000000000000003
030000000000d60000
060000000000000004
0300000000083fb18c
060000000000000005
020000000000000000
060000000000000005
030000000002003ffb
060000000000000006
0300000000002e0152
060000000000000007
01000001e000000000
060000000000000006
0104be88a500000000
060000000000000005
03000000040000000b
030000001000000000
030000001400000000
030000001800000000
030000001c00000000
030000002000000000
030000002400000000
030000002800000000
030000002c00000001
030000003000000000
060000000000000005
030000000000420000
060000000000000006
030000000072543826
060000000000000007
010100000000000000
060000000000000006
0300000000008c0005
060000000000000007
0300000000025b233b
060000000000000008
03000000000252c940
060000000000000009
0300000000010001c8
06000000000000000a
0300000000000a0000
06000000000000000b
01029a47cf00000000
06000000000000000a
030000000001000103
06000000000000000b
0300000000000000e1
06000000000000000c
0300000000000001e0
06000000000000000d
030000000004be88a5
06000000000000000e
010085000000000000
06000000000000000d
01000000e400000000
06000000000000000c
030000000001000000
06000000000000000d
0300000000029a47cf
06000000000000000e
030000001800000000
06000000000000000e
030000000000850000
06000000000000000f
020000000200000000
06000000000000000f
0300000000000000e4
060000000000000010
01280e350e00000000
06000000000000000f
0300000000280e350e
060000000000000010
030000000000000000
060000000000000010
01798b631f00000000
06000000000000000f
030000000400040001
030000001000000000
030000001400000000
030000001800000000
030000001c00000000
030000002000000000
030000002400000000
030000002800000000
030000002c00000000
030000003000000000
06000000000000000f
01029249b900000000
06000000000000000e
0102951abc00000000
06000000000000000d
010065000000000000
06000000000000000c
030000003000000000
06000000000000000c
0300000000798b631f
06000000000000000d
01000001e500000000
06000000000000000c
030000001800000000
06000000000000000c
010100010700000000
06000000000000000b
0300000000029249b9
06000000000000000c
030000000002951abc
06000000000000000d
030000002800000000
06000000000000000d
010100002000000000
06000000000000000c
030000000000650000
06000000000000000d
0300000000000001e5
06000000000000000e
030000000001000107
06000000000000000f
030000000001000020
060000000000000010
030000003000000080
060000000000000010
01021d1e6d00000000
06000000000000000f
01000000e200000000
06000000000000000e
01000000e600000000
06000000000000000d
0702003fff021d1e6d
06000000000000000d
010100001f00000000
06000000000000000c
0300000000000000e2
06000000000000000d
010100002000000000
06000000000000000c
01000000e300000000
06000000000000000b
030000000400040005
030000001000000000
030000001400000000
030000001800000000
030000001c00000000
030000002000000000
030000002400000000
030000002800000000
030000002c00000021
030000003000000080
06000000000000000b
0300000000000000e6
06000000000000000c
030000000002003fff
06000000000000000d
03000000000100001f
06000000000000000e
010100000000000000
06000000000000000d
030000002800000000
06000000000000000d
01025a8dcd00000000
06000000000000000c
030000000001000020
06000000000000000d
0300000000000000e3
06000000000000000e
0102eb188600000000
06000000000000000d
0100fc000400000000
06000000000000000c
030000000001000000
06000000000000000d
0300000000025a8dcd
06000000000000000e
010100000000000000
06000000000000000d
030000001000000000
06000000000000000d
030000000002eb1886
06000000000000000e
030000000000fc0004
06000000000000000f
030000000001000000
060000000000000010
030000000000000000
060000000000000010
010100012000000000
06000000000000000f
030000002c00000021
06000000000000000f
030000000001000120
060000000000000010
030000000000000000
060000000000000010
030000000000000000
060000000000000010
030000000000000000
060000000000000010
030000000000000000
060000000000000010
030000000400040000
030000001000000000
030000001400000000
030000001800000000
030000001c00000000
030000002000000000
030000002400000000
030000002800000000
030000002c00000021
030000003000000080
060000000000000010
030000000000000000
060000000000000010
030000000000000000
060000000000000010
030000000000000000
060000000000000010
030000000000000000
060000000000000010
040000000300000000
060000000000000010
030000000000000000
060000000000000010
030000002c00000021
060000000000000010
030000000000000000
060000000000000010
030000000000000000
060000000000000010
030000000000000000
060000000000000010
030000000000000000
060000000000000010
030000001800000000
060000000000000010
030000000000000000
060000000000000010
010055000000000000
06000000000000000f
01004c00f000000000
06000000000000000e
030000000000550000
06000000000000000f
0300000000004c00f0
060000000000000010
030000000000000000
060000000000000010
01002a000400000000
06000000000000000f
01020803fd00000000
06000000000000000e
01000500ff00000000
06000000000000000d
0300000000002a0004
06000000000000000e
0300000000020803fd
06000000000000000f
0100b6000000000000
06000000000000000e
0300000000000500ff
06000000000000000f
030000000400040001
030000001000000000
030000001400000000
030000001800000000
030000001c00000000
030000002000000000
030000002400000000
030000002800000000
030000002c000000b6
030000003000000080
06000000000000000f
030000000000b60000
060000000000000010
01023931a800000000
06000000000000000f
0102d5feb800000000
06000000000000000e
01000000e200000000
06000000000000000d
0300000000023931a8
06000000000000000e
01000001e600000000
06000000000000000d
05fffffffc00000000
06000000000000000d
014ea98a7900000000
06000000000000000c
010100010200000000
06000000000000000b
01008b011f00000000
06000000000000000a
040000000000000000
06000000000000000a
010100010000000000
060000000000000009
01000000e300000000
060000000000000008
01020f24d200000000
060000000000000007
0102e26bcb00000000
060000000000000006
030000000002d5feb8
060000000000000007
030000002000000000
060000000000000007
01024fd67700000000
060000000000000006
01285578b700000000
060000000000000005
01026805a700000000
060000000000000004
040000000300000000
060000000000000010
030000000000000000
060000000000000010
010062000000000000
06000000000000000f
01020df84800000000
06000000000000000e
090100000100000000
06000000000000000d
030000000400040003
030000001080000000
030000001400000000
030000001800000000
030000001c00000000
030000002000000000
030000002400000000
030000002800000000
030000002c00000062
030000003000000085
06000000000000000d
010208d18a00000000
06000000000000000c
0102e2e09100000000
06000000000000000b
030000000000620000
06000000000000000c
0100f1000000000000
06000000000000000b
010034000000000000
06000000000000000a
0100f1000000000000
060000000000000009
0300000000020df848
06000000000000000a
010225ee4300000000
060000000000000009
0100db001f00000000
060000000000000008
010029005200000000
060000000000000007
01c157d2db00000000
060000000000000006
01021d096f00000000
060000000000000005
030000000001000001
060000000000000006
040000000100000000
060000000000000010
0102947a3b00000000
06000000000000000f
030000000002947a3b
060000000000000010
01c858ed3000000000
06000000000000000f
0300000000c858ed30
060000000000000010
0102c5c0d200000000
06000000000000000f
030000000002c5c0d2
060000000000000010
020000000000000000
060000000000000010
040000000200000000
060000000000000010
01004d000000000000
06000000000000000f
0300000000004d0000
060000000000000010
030000000000000000
060000000000000010
030000000400000000
030000001000000000
030000001400000000
030000001800000000
030000001c00000000
030000002000000000
030000002400000000
030000002800000000
030000002c0000004d
030000003000000000
060000000000000010
030000000000000000
060000000000000010
01000001e300000000
06000000000000000f
0300000000000001e3
060000000000000010
01000000e000000000
06000000000000000f
01000000e000000000
06000000000000000e
0300000000000000e0
06000000000000000f
01010001c800000000
06000000000000000e
0300000000000000e0
06000000000000000f
01000001e400000000
06000000000000000e
0300000000010001c8
06000000000000000f
030000002400000000
06000000000000000f
0102990ade00000000
06000000000000000e
0300000000000001e4
06000000000000000f
030000003000000000
06000000000000000f
070200300202990ade
06000000000000000f
040000000100000000
060000000000000010
030000000000000000
060000000000000010
010075015200000000
06000000000000000f
030000000000750152
060000000000000010
030000000000000000
060000000000000010
01021d584200000000
06000000000000000f
0300000000021d5842
060000000000000010
030000002000000000
060000000000000010
030000001000000000
060000000000000010
070200300000000000
06000000000000000f
030000000400000001
030000001000000000
030000001400000000
030000001800040000
030000001c00000000
030000002000000000
030000002400000000
030000002800000000
030000002c0000005c
030000003000000000
06000000000000000f
030000000002003000
060000000000000010
040000000100000000
060000000000000010
030000000000000000
060000000000000010
0102b15a9200000000
06000000000000000f
01000001e700000000
06000000000000000e
030000000002b15a92
06000000000000000f
0300000000000001e7
060000000000000010
030000000000000000
060000000000000010
030000000000000000
060000000000000010
030000000000000000
060000000000000010
01027ea62500000000
06000000000000000f
01024e8fc800000000
06000000000000000e
080000010500000000
060000000000000010
030000000000000000
060000000000000010
030000000000000000
060000000000000010
030000000400000000
060000000000000010
030000000000000000
060000000000000010
01022aa32e00000000
06000000000000000f
010100010000000000
06000000000000000e
0300000000022aa32e
06000000000000000f
0100f0000500000000
06000000000000000e
030000002000000000
06000000000000000e
01000f012000000000
06000000000000000d
030000000001000100
06000000000000000e
0102e35c2200000000
06000000000000000d
030000000400000003
030000001000000000
030000001400000001
030000001800040000
030000001c00000000
030000002000000000
030000002400000000
030000002800000000
030000002c000000dc
030000003000000001
06000000000000000d
01029c793b00000000
06000000000000000c
030000000000f00005
06000000000000000d
01000000e600000000
06000000000000000c
010077012c00000000
06000000000000000b
0300000000000f0120
06000000000000000c
020000000300000000
06000000000000000c
090100000200000000
06000000000000000b
030000000002e35c22
06000000000000000c
01f09d10cb00000000
06000000000000000b
01000000e200000000
06000000000000000a
013c00a50f00000000
060000000000000009
0300000000029c793b
06000000000000000a
0100cb00f000000000
060000000000000009
08000001ff00000000
060000000000000010
030000001000000000
060000000000000010
010100002000000000
06000000000000000f
0102dee03700000000
06000000000000000e
030000000001000020
06000000000000000f
01010000c800000000
06000000000000000e
010100010000000000
06000000000000000d
030000000002dee037
06000000000000000e
080000002000000000
060000000000000010
08000001ff00000000
060000000000000010
030000000000000000
060000000000000010
010285c44000000000
06000000000000000f
030000000400060001
030000001000000000
030000001400001000
030000001800040000
030000001c00000000
030000002000000000
030000002400000000
030000002800000000
030000002c80000098
030000003000000001
06000000000000000f
03000000000285c440
060000000000000010
015a6b389200000000
06000000000000000f
03000000005a6b3892
060000000000000010
01026916b300000000
06000000000000000f
0300000000026916b3
060000000000000010
030000000000000000
060000000000000010
080000015200000000
060000000000000010
030000001000000000
060000000000000010
030000002800000000
060000000000000010
090100000300000000
06000000000000000f
030000000400060001
06000000000000000f
030000000001000003
060000000000000010
030000000000000000
060000000000000010
030000000000000000
060000000000000010
020000000200000000
060000000000000010
030000000000000000
060000000000000010
030000000000000000
060000000000000010
05fffffffc00000000
060000000000000010
030000000000000000
060000000000000010
030000000000000000
060000000000000010
030000000000000000
060000000000000010
030000000000000000
060000000000000010
030000000000000000
060000000000000010
030000000000000000
060000000000000010
030000000000000000
060000000000000010
030000000400040000
030000001000000000
030000001400000000
030000001800000000
030000001c00000000
030000002000000000
030000002400000000
030000002800000000
030000002c00000000
030000003000000001
060000000000000010
030000000000000000
060000000000000010
01000000e600000000
06000000000000000f
0300000000000000e6
060000000000000010
030000000000000000
060000000000000010
040000000200000000
060000000000000010
030000000000000000
060000000000000010
030000000000000000
060000000000000010
030000000000000000
060000000000000010
030000000000000000
060000000000000010
010248cd2500000000
06000000000000000f
03000000000248cd25
060000000000000010
010037000000000000
06000000000000000f
010001000000000000
06000000000000000e
0100da002000000000
06000000000000000d
01000000e000000000
06000000000000000c
030000000000370000
06000000000000000d
030000002800000000
06000000000000000d
030000000000010000
06000000000000000e
0102f7f80900000000
06000000000000000d
090100000000000000
06000000000000000c
010015000000000000
06000000000000000b
01000a012c00000000
06000000000000000a
01009901e800000000
060000000000000009
030000000000da0020
06000000000000000a
0702003003000000e0
06000000000000000a
030000000400040006
030000001000000000
030000001400001000
030000001800000000
030000001c00000000
030000002000000000
030000002400000000
030000002800000000
030000002c00000115
030000003000000000
06000000000000000a
030000000002f7f809
06000000000000000b
020000000100000000
06000000000000000b
030000000001000000
06000000000000000c
030000000000150000
06000000000000000d
0300000000000a012c
06000000000000000e
01000000e600000000
06000000000000000d
0300000000009901e8
06000000000000000e
040000000200000000
06000000000000000e
01023cea4a00000000
06000000000000000d
010204931500000000
06000000000000000c
01ed6d616000000000
06000000000000000b
010043000000000000
06000000000000000a
010100010000000000
060000000000000009
030000000002003003
06000000000000000a
010086000000000000
060000000000000009
030000001c00000000
060000000000000009
030000000400020007
060000000000000009
0102a9513d00000000
060000000000000008
0300000000000000e6
060000000000000009
0300000000023cea4a
06000000000000000a
0107d0aea300000000
060000000000000009
010089000400000000
060000000000000008
010209157800000000
060000000000000007
0102e35e5d00000000
060000000000000006
030000000002049315
060000000000000007
030000000400020009
030000001000000000
030000001400001000
030000001800000000
030000001c00000000
030000002000000000
030000002400000000
030000002800000000
030000002c00000186
030000003000000001
060000000000000007
000000000000000000
